month,day,week,airline,dest,dep_del,sch_elp,dist,sch_dep_m,act_dep_m,sch_arr_m,temp,dew,hum,wind,w_spd,gust,pres,cond,sch_dep,sch_arr,TAXI_OUT
11,1,4,4,55,-3,211,2586,420,417,631,53,51,93,SSW,8,0,29.9,Mostly Cloudy,18,23,19
11,1,4,3,55,-1,218,2586,425,424,643,53,51,93,SSW,8,0,29.9,Mostly Cloudy,37,24,15
11,1,4,4,55,-5,225,2586,495,490,720,57,55,93,SW,8,0,29.91,Partly Cloudy,47,20,18
11,1,4,3,55,-8,226,2586,540,532,766,59,55,87,SW,8,0,29.91,Mostly Cloudy,47,20,12
11,1,4,4,55,-4,215,2586,570,566,785,59,55,87,SW,8,0,29.91,Mostly Cloudy,38,23,23
11,1,4,3,55,-5,217,2586,685,680,902,64,56,75,S,7,0,29.87,Partly Cloudy,37,10,16
11,1,4,4,55,-4,210,2586,705,701,915,64,56,75,S,7,0,29.87,Partly Cloudy,37,10,16
11,1,4,4,55,1,223,2586,950,951,1173,62,59,90,SSW,7,0,29.84,Cloudy,32,30,37
11,1,4,3,55,-5,227,2586,960,955,1187,62,59,90,SSW,7,0,29.84,Cloudy,32,30,35
11,1,4,4,55,-2,241,2586,1165,1163,1406,61,60,97,S,16,0,29.83,Cloudy,52,28,33
11,1,4,3,55,0,231,2586,1200,1200,1431,61,60,97,S,16,0,29.83,Cloudy,22,43,55
11,1,4,3,55,-4,215,2586,1309,1305,84,60,60,10,S,16,0,29.82,Cloudy,36,27,25
11,2,5,4,55,7,211,2586,420,427,631,63,63,10,S,21,0,29.71,Cloudy / Windy,37,27,22
11,2,5,3,55,56,218,2586,425,481,643,63,63,10,S,22,29,29.71,Light Rain / Windy,49,19,45
11,2,5,4,55,-4,225,2586,495,491,720,63,63,10,S,22,29,29.71,Light Rain / Windy,49,19,29
11,2,5,3,55,-1,226,2586,540,539,766,64,63,96,S,21,0,29.72,Cloudy / Windy,49,19,34
11,2,5,4,55,12,215,2586,570,582,785,64,63,96,S,22,29,29.71,Cloudy / Windy,40,25,35
11,2,5,3,55,-8,217,2586,685,677,902,65,64,97,S,18,0,29.72,Cloudy,35,12,10
11,2,5,4,55,-4,210,2586,705,701,915,65,64,97,S,22,29,29.72,Mostly Cloudy / Windy,35,12,20
11,2,5,4,55,-5,223,2586,950,945,1173,62,62,10,S,21,0,29.7,Fog / Windy,32,29,36
11,2,5,3,55,-6,227,2586,960,954,1187,62,62,10,S,21,0,29.7,Fog / Windy,32,29,34
11,2,5,4,55,34,241,2586,1165,1199,1406,62,62,10,S,18,28,29.72,Fog,50,29,34
11,2,5,3,55,15,231,2586,1200,1215,1431,62,62,10,S,18,28,29.72,Fog,23,40,40
11,2,5,3,55,-1,215,2586,1309,1308,84,62,62,10,S,15,0,29.7,Fog,35,30,76
11,3,6,4,55,1,218,2586,495,496,713,58,58,10,WSW,22,0,29.61,Cloudy / Windy,43,12,22
11,3,6,3,55,-7,226,2586,540,533,766,56,54,93,W,25,36,29.65,Cloudy / Windy,43,12,34
11,3,6,3,55,-9,217,2586,685,676,902,56,46,69,W,26,35,29.73,Mostly Cloudy / Windy,31,10,16
11,3,6,4,55,-5,205,2586,705,700,910,55,44,67,W,33,40,29.75,Mostly Cloudy / Windy,31,10,16
11,3,6,4,55,34,217,2586,950,984,1167,57,34,42,WNW,23,37,29.98,Fair / Windy,25,37,10
11,3,6,3,55,-8,227,2586,960,952,1187,57,34,42,WNW,23,37,29.98,Fair / Windy,32,30,23
11,3,6,4,55,1,231,2586,1165,1166,1396,53,36,52,W,14,0,30.18,Fair,46,27,48
11,3,6,3,55,10,231,2586,1200,1210,1431,53,36,52,W,14,0,30.18,Fair,20,38,26
11,4,7,4,55,-6,222,2586,420,414,642,45,32,60,NNW,7,0,30.5,Fair,19,24,19
11,4,7,3,55,-7,218,2586,425,418,643,45,32,60,NNW,7,0,30.5,Fair,19,24,21
11,4,7,4,55,-8,230,2586,490,482,720,47,32,56,NW,7,0,30.54,Partly Cloudy,47,18,24
11,4,7,3,55,-5,226,2586,540,535,766,49,32,52,NNW,12,0,30.54,Partly Cloudy,47,18,29
11,4,7,4,55,-3,231,2586,570,567,801,49,32,52,NNW,12,0,30.54,Partly Cloudy,40,17,34
11,4,7,3,55,-8,217,2586,685,677,902,52,32,47,N,8,0,30.52,Partly Cloudy,32,13,19
11,4,7,4,55,-3,209,2586,710,707,919,52,32,47,N,8,0,30.52,Partly Cloudy,32,13,15
11,4,7,4,55,5,222,2586,950,955,1172,52,36,54,S,7,0,30.49,Fair,36,34,19
11,4,7,3,55,18,227,2586,960,978,1187,52,36,54,S,7,0,30.49,Fair,36,34,21
11,4,7,4,55,8,213,2586,1019,1027,1232,48,37,66,SSE,6,0,30.48,Partly Cloudy,34,35,17
11,4,7,4,55,0,239,2586,1110,1110,1349,49,37,64,CALM,0,0,30.49,Partly Cloudy,39,40,26
11,4,7,3,55,-1,231,2586,1200,1199,1431,47,38,71,ENE,5,0,30.49,Partly Cloudy,49,32,33
11,4,7,4,55,-2,234,2586,1255,1253,49,44,38,79,ENE,5,0,30.49,Partly Cloudy,30,47,27
11,4,7,3,55,34,215,2586,1309,1343,84,45,40,82,ENE,6,0,30.49,Partly Cloudy,30,31,21
11,5,1,4,55,-7,222,2586,420,413,642,53,46,77,ESE,14,0,30.42,Cloudy,17,22,21
11,5,1,3,55,172,211,2586,425,597,636,51,49,92,E,15,22,30.38,Light Rain,43,26,26
11,5,1,4,55,5,230,2586,490,495,720,52,48,86,E,13,0,30.4,Light Rain,47,19,41
11,5,1,3,55,55,219,2586,540,595,759,51,49,92,E,15,22,30.38,Light Rain,43,26,22
11,5,1,4,55,-1,231,2586,570,569,801,52,48,86,E,16,24,30.39,Light Rain,43,26,23
11,5,1,3,55,19,210,2586,685,704,895,52,51,97,ENE,14,0,30.34,Light Rain,32,14,23
11,5,1,4,55,-8,209,2586,710,702,919,52,51,97,ENE,14,0,30.34,Light Rain,32,14,22
11,5,1,4,55,7,222,2586,950,957,1172,54,52,93,ENE,13,0,30.22,Cloudy,37,32,14
11,5,1,3,55,-2,227,2586,960,958,1187,54,52,93,ENE,13,0,30.22,Cloudy,37,32,24
11,5,1,4,55,45,213,2586,1019,1064,1232,52,52,10,ENE,14,0,30.19,Light Rain,36,32,28
11,5,1,4,55,44,239,2586,1110,1154,1349,52,52,10,NE,8,0,30.17,Light Rain,48,28,11
11,5,1,3,55,3,231,2586,1200,1203,1431,52,52,10,NE,8,0,30.17,Light Rain,28,46,40
11,5,1,4,55,4,234,2586,1255,1259,49,52,52,10,NNE,13,0,30.13,Light Rain,28,46,28
11,5,1,3,55,5,215,2586,1309,1314,84,52,52,10,NE,14,0,30.09,Light Rain,32,29,18
11,6,2,4,55,-6,222,2586,420,414,642,51,51,10,E,5,0,30.01,Drizzle and Fog,16,20,36
11,6,2,3,55,-5,211,2586,425,420,636,51,51,10,E,5,0,30.01,Drizzle and Fog,39,26,34
11,6,2,4,55,-6,230,2586,490,484,720,51,51,10,E,7,0,29.98,Fog,46,16,29
11,6,2,3,55,-3,219,2586,540,537,759,52,52,10,E,8,0,29.95,Drizzle and Fog,46,16,26
11,6,2,4,55,0,231,2586,570,570,801,52,52,10,E,8,0,29.95,Drizzle and Fog,41,20,28
11,6,2,3,55,-5,210,2586,685,680,895,54,54,10,ESE,7,0,29.91,Light Rain,28,12,30
11,6,2,4,55,-3,209,2586,710,707,919,54,54,10,ESE,7,0,29.91,Light Rain,28,12,24
11,6,2,4,55,-1,222,2586,950,949,1172,59,58,96,CALM,0,0,29.79,Cloudy,31,32,35
11,6,2,3,55,-2,227,2586,960,958,1187,57,57,10,SSE,6,0,29.78,Light Rain,31,32,34
11,6,2,4,55,41,213,2586,1025,1066,1238,57,57,10,SSW,8,0,29.8,Cloudy,31,29,21
11,6,2,4,55,-4,243,2586,1165,1161,1408,58,58,10,S,10,0,29.8,Cloudy,46,28,34
11,6,2,3,55,24,231,2586,1200,1224,1431,58,58,10,S,14,0,29.82,Mostly Cloudy,26,42,24
11,6,2,3,55,-8,215,2586,1309,1301,84,58,58,10,S,14,0,29.82,Mostly Cloudy,30,25,22
11,7,3,4,55,-4,222,2586,420,416,642,51,45,80,WSW,15,0,29.98,Fair,18,21,21
11,7,3,3,55,3,211,2586,425,428,636,51,45,80,WSW,15,0,29.98,Fair,38,27,23
11,7,3,4,55,-3,230,2586,490,487,720,54,45,72,WSW,15,0,30.01,Fair,46,17,16
11,7,3,3,55,-4,219,2586,540,536,759,55,46,72,WSW,18,0,30.02,Fair,46,17,13
11,7,3,4,55,-4,231,2586,570,566,801,55,46,72,WSW,18,0,30.02,Fair,40,20,21
11,7,3,3,55,3,210,2586,685,688,895,59,43,55,SW,12,0,30.01,Fair,31,14,19
11,7,3,4,55,-5,209,2586,710,705,919,59,43,55,SW,12,0,30.01,Fair,31,14,12
11,7,3,4,55,3,222,2586,950,953,1172,61,43,52,WSW,16,0,29.98,Mostly Cloudy,35,31,23
11,7,3,3,55,-1,227,2586,960,959,1187,61,43,52,WSW,16,0,29.98,Mostly Cloudy,35,31,20
11,7,3,4,55,-1,213,2586,1019,1018,1232,59,45,60,WSW,15,0,30.01,Mostly Cloudy,33,35,29
11,7,3,4,55,-1,243,2586,1165,1164,1408,58,45,62,SW,16,0,30.04,Cloudy,45,27,39
11,7,3,3,55,-7,231,2586,1200,1193,1431,58,45,62,SW,16,0,30.04,Cloudy,45,27,50
11,7,3,3,55,-10,215,2586,1309,1299,84,57,46,67,SW,14,0,30.04,Cloudy,30,25,31
11,8,4,4,55,5,222,2586,420,425,642,47,32,56,NW,13,0,30.19,Mostly Cloudy,42,28,20
11,8,4,3,55,-1,211,2586,425,424,636,47,32,56,NW,13,0,30.19,Mostly Cloudy,42,28,25
11,8,4,4,55,-5,230,2586,490,485,720,48,32,54,NNW,13,0,30.22,Mostly Cloudy,49,19,23
11,8,4,3,55,-7,219,2586,540,533,759,49,33,54,NNW,9,0,30.24,Mostly Cloudy,49,19,16
11,8,4,4,55,-3,231,2586,570,567,801,49,33,54,NNW,9,0,30.24,Mostly Cloudy,44,23,21
11,8,4,3,55,-4,210,2586,685,681,895,52,32,47,NNW,9,0,30.24,Mostly Cloudy,33,16,15
11,8,4,4,55,-3,209,2586,710,707,919,52,32,47,NNW,9,0,30.24,Mostly Cloudy,33,16,21
11,8,4,4,55,-2,222,2586,950,948,1172,56,32,40,NW,7,0,30.22,Partly Cloudy,38,33,21
11,8,4,3,55,-7,227,2586,960,953,1187,52,38,59,SSW,9,0,30.24,Fair,38,33,29
11,8,4,4,55,17,213,2586,1019,1036,1232,52,39,61,SE,6,0,30.25,Fair,35,34,20
11,8,4,4,55,-1,239,2586,1110,1109,1349,51,35,54,N,12,0,30.28,Fair,40,41,34
11,8,4,3,55,-7,231,2586,1200,1193,1431,51,33,50,N,10,0,30.29,Partly Cloudy,47,30,48
11,8,4,4,55,-3,234,2586,1255,1252,49,50,32,50,NNW,16,0,30.3,Partly Cloudy,31,46,23
11,8,4,3,55,29,215,2586,1309,1338,84,48,33,56,N,15,0,30.32,Fair,28,33,19
11,9,5,4,55,-9,222,2586,420,411,642,40,33,77,NNE,7,0,30.33,Partly Cloudy,18,25,24
11,9,5,3,55,-4,211,2586,425,421,636,40,33,77,NNE,7,0,30.33,Partly Cloudy,40,28,25
11,9,5,4,55,-4,230,2586,490,486,720,45,35,68,NE,8,0,30.33,Mostly Cloudy,49,18,21
11,9,5,3,55,-2,219,2586,540,538,759,48,33,56,E,14,0,30.29,Mostly Cloudy,49,18,19
11,9,5,4,55,-2,231,2586,570,568,801,48,33,56,E,14,0,30.29,Mostly Cloudy,46,25,15
11,9,5,3,55,56,210,2586,685,741,895,51,43,74,E,12,0,30.23,Light Rain,20,30,27
11,9,5,4,55,147,209,2586,710,857,919,52,44,74,ESE,15,0,30.15,Cloudy,27,45,35
11,9,5,4,55,4,222,2586,950,954,1172,51,49,92,E,12,0,30.07,Light Rain,38,30,27
11,9,5,3,55,4,227,2586,960,964,1187,51,49,92,E,12,0,30.07,Light Rain,36,38,34
11,9,5,4,55,90,213,2586,1019,1109,1232,51,51,10,ENE,14,0,29.97,Rain,38,40,39
11,9,5,4,55,107,239,2586,1110,1217,1349,51,51,10,NNW,7,0,29.98,Rain,30,48,76
11,9,5,3,55,79,231,2586,1200,1279,1431,51,51,10,NE,12,0,29.91,Light Rain,32,29,57
11,9,5,4,55,30,234,2586,1255,1285,49,51,51,10,NE,12,0,29.91,Light Rain,32,29,38
11,9,5,3,55,-1,215,2586,1309,1308,84,51,51,10,NE,12,0,29.91,Light Rain,32,29,27
11,10,6,4,55,-2,230,2586,490,488,720,45,38,76,WNW,20,28,29.89,Partly Cloudy,44,14,27
11,10,6,3,55,-7,219,2586,540,533,759,47,33,59,W,23,31,29.91,Mostly Cloudy / Windy,44,14,28
11,10,6,3,55,-6,210,2586,685,679,895,47,27,46,WNW,23,33,29.93,Mostly Cloudy / Windy,30,13,24
11,10,6,4,55,-4,206,2586,710,706,916,47,27,46,WNW,23,33,29.93,Mostly Cloudy / Windy,30,13,16
11,10,6,4,55,-3,218,2586,950,947,1168,44,20,38,W,28,37,30.02,Partly Cloudy / Windy,34,33,25
11,10,6,3,55,-9,227,2586,960,951,1187,42,15,34,WNW,25,33,30.07,Partly Cloudy / Windy,34,33,25
11,10,6,4,55,9,239,2586,1165,1174,1404,39,14,36,WNW,18,24,30.16,Fair,45,29,45
11,10,6,3,55,-6,231,2586,1200,1194,1431,39,14,36,WNW,18,24,30.16,Fair,45,29,44
11,11,7,4,55,-7,231,2586,420,413,651,36,22,57,NW,10,0,30.35,Fair,19,25,27
11,11,7,3,55,-6,211,2586,425,419,636,36,22,57,NW,10,0,30.35,Fair,19,25,19
11,11,7,4,55,-7,230,2586,490,483,720,37,25,62,W,10,0,30.38,Fair,49,19,24
11,11,7,3,55,-2,219,2586,540,538,759,39,23,53,WNW,9,0,30.38,Fair,49,19,20
11,11,7,4,55,-3,231,2586,570,567,801,39,23,53,WNW,9,0,30.38,Fair,39,18,16
11,11,7,3,55,-8,210,2586,685,677,895,43,22,43,NW,15,0,30.36,Fair,34,14,18
11,11,7,4,55,-3,209,2586,710,707,919,43,22,43,NW,15,0,30.36,Fair,34,14,25
11,11,7,4,55,-2,222,2586,950,948,1172,46,23,40,W,13,0,30.31,Fair,38,34,61
11,11,7,3,55,-5,227,2586,960,955,1187,46,23,40,W,9,0,30.32,Fair,38,34,41
11,11,7,4,55,25,213,2586,1045,1070,1258,44,23,43,W,10,0,30.33,Fair,35,34,19
11,11,7,4,55,-4,245,2586,1100,1096,1345,43,24,47,W,7,0,30.34,Fair,40,41,26
11,11,7,3,55,18,231,2586,1200,1218,1431,43,23,45,W,7,0,30.35,Fair,30,49,39
11,11,7,4,55,-2,234,2586,1255,1253,49,42,24,49,NW,6,0,30.37,Fair,30,49,22
11,11,7,3,55,1,215,2586,1309,1310,84,42,24,49,NW,6,0,30.37,Fair,31,27,21
11,12,1,4,55,-3,222,2586,420,417,642,33,30,89,CALM,0,0,30.42,Partly Cloudy,17,23,13
11,12,1,3,55,-8,211,2586,425,417,636,33,30,89,CALM,0,0,30.42,Partly Cloudy,17,23,15
11,12,1,4,55,-5,230,2586,490,485,720,36,31,82,CALM,0,0,30.44,Partly Cloudy,48,20,18
11,12,1,3,55,-7,219,2586,540,533,759,44,34,68,CALM,0,0,30.45,Mostly Cloudy,48,20,16
11,12,1,4,55,-4,231,2586,570,566,801,44,34,68,CALM,0,0,30.45,Mostly Cloudy,44,27,23
11,12,1,3,55,17,210,2586,685,702,895,48,32,54,WSW,8,0,30.46,Mostly Cloudy,34,14,22
11,12,1,4,55,19,209,2586,710,729,919,48,28,46,SSW,7,0,30.42,Mostly Cloudy,21,30,17
11,12,1,4,55,-4,222,2586,950,946,1172,47,34,61,S,6,0,30.37,Cloudy,38,34,41
11,12,1,3,55,73,227,2586,960,1033,1187,44,36,73,E,5,0,30.38,Cloudy,36,33,38
11,12,1,4,55,23,213,2586,1035,1058,1248,44,36,73,E,5,0,30.38,Cloudy,36,33,33
11,12,1,4,55,26,239,2586,1110,1136,1349,44,37,76,E,5,0,30.36,Cloudy,39,40,25
11,12,1,3,55,56,231,2586,1200,1256,1431,44,38,79,ENE,5,0,30.35,Cloudy,29,46,28
11,12,1,4,55,46,234,2586,1255,1301,49,44,38,79,ENE,5,0,30.35,Cloudy,30,29,19
11,12,1,3,55,-7,215,2586,1309,1302,84,44,38,79,ENE,5,0,30.35,Cloudy,30,29,22
11,13,2,4,55,-5,222,2586,420,415,642,52,52,10,ENE,5,0,29.97,Rain,16,21,15
11,13,2,3,55,-3,211,2586,425,422,636,52,52,10,ENE,5,0,29.97,Rain,39,27,25
11,13,2,4,55,0,230,2586,490,490,720,56,56,10,E,13,0,29.88,Rain,46,17,34
11,13,2,3,55,17,219,2586,540,557,759,56,56,10,E,8,0,29.83,Rain,42,23,20
11,13,2,4,55,9,231,2586,570,579,801,56,56,10,E,8,0,29.83,Rain,42,23,28
11,13,2,3,55,-7,210,2586,685,678,895,50,50,10,NNW,21,0,29.81,Light Rain / Windy,32,13,16
11,13,2,4,55,0,209,2586,710,710,919,50,50,10,NNW,17,0,29.81,Light Rain,32,13,14
11,13,2,4,55,20,222,2586,950,970,1172,49,40,71,WNW,18,0,29.92,Cloudy,32,34,64
11,13,2,3,55,84,227,2586,960,1044,1187,47,36,66,NW,25,30,29.94,Cloudy / Windy,30,31,42
11,13,2,4,55,29,213,2586,1025,1054,1238,47,36,66,NW,25,30,29.94,Cloudy / Windy,30,31,41
11,13,2,4,55,28,243,2586,1165,1193,1408,46,35,66,WNW,24,28,30.01,Cloudy / Windy,46,29,54
11,13,2,3,55,14,231,2586,1200,1214,1431,46,35,66,WNW,24,28,30.01,Cloudy / Windy,26,44,43
11,13,2,3,55,-5,215,2586,1309,1304,84,45,33,63,WNW,17,26,30.03,Cloudy,30,25,28
11,14,3,4,55,-5,222,2586,420,415,642,37,21,52,WNW,21,28,30.31,Mostly Cloudy / Windy,18,22,18
11,14,3,3,55,-6,211,2586,425,419,636,37,21,52,WNW,21,28,30.31,Mostly Cloudy / Windy,18,22,17
11,14,3,4,55,-4,230,2586,490,486,720,37,20,50,W,20,0,30.34,Mostly Cloudy,46,18,40
11,14,3,3,55,-5,219,2586,540,535,759,38,18,44,NW,18,0,30.37,Mostly Cloudy,46,18,30
11,14,3,4,55,-2,231,2586,570,568,801,38,18,44,NW,18,0,30.37,Mostly Cloudy,41,22,17
11,14,3,3,55,57,210,2586,685,742,895,40,14,35,NW,24,30,30.4,Mostly Cloudy / Windy,21,29,37
11,14,3,4,55,7,209,2586,710,717,919,40,14,35,NW,24,30,30.4,Mostly Cloudy / Windy,34,14,17
11,14,3,4,55,1,222,2586,950,951,1172,38,16,41,NNW,18,0,30.46,Mostly Cloudy,37,31,35
11,14,3,3,55,21,227,2586,960,981,1187,38,16,41,NNW,18,0,30.46,Mostly Cloudy,34,35,19
11,14,3,4,55,25,213,2586,1019,1044,1232,36,15,43,NNW,16,0,30.48,Mostly Cloudy,29,31,37
11,14,3,4,55,-3,243,2586,1165,1162,1408,35,16,46,N,12,0,30.52,Cloudy,46,27,13
11,14,3,3,55,-4,231,2586,1200,1196,1431,35,16,46,N,12,0,30.52,Cloudy,46,27,22
11,14,3,3,55,-6,215,2586,1309,1303,84,34,14,44,NNW,17,0,30.54,Mostly Cloudy,29,26,20
11,15,4,4,55,-3,222,2586,420,417,642,31,17,57,ENE,7,0,30.56,Cloudy,16,24,15
11,15,4,3,55,-4,211,2586,425,421,636,31,17,57,ENE,7,0,30.56,Cloudy,42,28,22
11,15,4,4,55,-7,230,2586,490,483,720,32,17,54,NE,13,0,30.56,Cloudy,49,19,23
11,15,4,3,55,-6,219,2586,540,534,759,33,15,48,NE,9,0,30.55,Cloudy,49,19,14
11,15,4,4,55,34,231,2586,570,604,801,34,17,50,NE,10,0,30.55,Cloudy,21,22,28
11,15,4,3,55,66,210,2586,685,751,895,35,21,57,NE,17,0,30.46,Cloudy,21,31,21
11,15,4,4,55,35,209,2586,710,745,919,35,21,57,NE,17,0,30.46,Cloudy,21,31,17
11,15,4,4,55,95,222,2586,950,1045,1172,32,32,10,NE,16,0,30.25,Light Snow,34,33,103
11,15,4,3,55,474,227,2586,960,1434,1187,36,35,97,ENE,26,35,29.96,Light Rain / Windy,17,19,62
11,15,4,4,55,352,213,2586,1019,1371,1232,36,35,97,ENE,26,35,29.96,Light Rain / Windy,27,35,63
11,15,4,4,55,940,239,2586,1110,610,1349,34,17,50,NE,10,0,30.55,Cloudy,21,22,35
11,15,4,3,55,94,231,2586,1200,1294,1431,34,34,10,NE,22,0,30.1,Wintry Mix / Windy,33,28,90
11,15,4,4,55,207,234,2586,1255,22,49,37,36,96,ENE,33,39,29.84,Light Rain / Windy,11,15,48
11,15,4,3,55,151,215,2586,1309,20,84,37,36,96,ENE,33,39,29.84,Light Rain / Windy,11,15,40
11,16,5,4,55,375,222,2586,420,795,642,46,34,63,W,20,29,29.7,Partly Cloudy,24,49,30
11,16,5,3,55,2,211,2586,425,427,636,38,38,10,NW,29,39,29.45,Light Snow / Windy,41,28,26
11,16,5,4,55,31,230,2586,490,521,720,36,35,97,NNW,29,45,29.52,Light Rain / Windy,48,19,25
11,16,5,3,55,64,219,2586,540,604,759,41,38,89,NW,17,25,29.65,Mostly Cloudy,20,23,18
11,16,5,4,55,343,231,2586,570,913,801,45,34,65,W,17,24,29.76,Mostly Cloudy,39,32,35
11,16,5,3,55,40,210,2586,685,725,895,45,35,68,WNW,21,32,29.67,Partly Cloudy / Windy,21,30,29
11,16,5,4,55,468,209,2586,710,1178,919,42,32,67,W,22,0,29.87,Fair / Windy,49,29,27
11,16,5,4,55,122,222,2586,950,1072,1172,43,33,68,W,18,26,29.86,Mostly Cloudy,37,35,17
11,16,5,3,55,130,227,2586,960,1090,1187,43,33,68,W,18,26,29.86,Mostly Cloudy,39,41,23
11,16,5,4,55,159,213,2586,1040,1199,1253,42,32,67,W,22,0,29.87,Fair / Windy,49,29,29
11,16,5,4,55,398,239,2586,1110,68,1349,39,32,76,W,16,0,29.99,Mostly Cloudy,5,1,13
11,16,5,3,55,131,231,2586,1200,1331,1431,40,32,73,W,16,0,29.91,Fair,31,32,18
11,16,5,4,55,94,234,2586,1255,1349,49,40,32,73,W,16,0,29.91,Fair,31,32,13
11,16,5,3,55,-1,215,2586,1309,1308,84,41,31,67,WSW,17,0,29.89,Fair,32,31,14
11,17,6,4,55,44,230,2586,490,534,720,44,35,71,W,12,0,30.17,Fair,45,16,40
11,17,6,3,55,-3,219,2586,540,537,759,44,35,71,W,12,0,30.17,Fair,45,16,34
11,17,6,3,55,47,210,2586,685,732,895,48,31,52,WNW,17,25,30.17,Mostly Cloudy,18,24,15
11,17,6,4,55,-5,206,2586,710,705,916,48,32,54,WNW,17,0,30.17,Mostly Cloudy,27,13,16
11,17,6,4,55,14,218,2586,950,964,1168,47,31,54,W,13,0,30.19,Cloudy,28,29,23
11,17,6,3,55,0,227,2586,960,960,1187,47,31,54,W,13,0,30.19,Cloudy,28,29,19
11,17,6,4,55,-4,239,2586,1165,1161,1404,45,32,60,WNW,14,0,30.24,Cloudy,47,29,18
11,17,6,3,55,14,231,2586,1200,1214,1431,45,32,60,WNW,14,0,30.24,Cloudy,28,39,17
11,18,7,4,55,-8,222,2586,420,412,642,39,26,60,N,7,0,30.37,Mostly Cloudy,21,22,18
11,18,7,3,55,-5,211,2586,425,420,636,39,26,60,N,7,0,30.37,Mostly Cloudy,38,29,24
11,18,7,4,55,-4,230,2586,490,486,720,40,27,60,NNW,7,0,30.39,Mostly Cloudy,48,19,22
11,18,7,3,55,0,219,2586,540,540,759,41,27,57,NNE,5,0,30.4,Mostly Cloudy,40,18,20
11,18,7,4,55,-5,231,2586,570,565,801,41,27,57,NNE,5,0,30.4,Mostly Cloudy,40,18,17
11,18,7,3,55,1,210,2586,685,686,895,42,27,55,VAR,5,0,30.38,Mostly Cloudy,29,14,24
11,18,7,4,55,-2,209,2586,710,708,919,42,27,55,VAR,5,0,30.38,Mostly Cloudy,29,14,27
11,18,7,4,55,23,235,2586,950,973,1185,42,31,65,ESE,5,0,30.31,Cloudy,35,33,21
11,18,7,3,55,-3,227,2586,959,956,1186,42,31,65,ESE,5,0,30.31,Cloudy,38,35,23
11,18,7,4,55,19,239,2586,1110,1129,1349,43,33,68,ENE,6,0,30.29,Cloudy,37,41,29
11,18,7,3,55,-6,231,2586,1200,1194,1431,43,34,71,NE,7,0,30.28,Cloudy,46,31,38
11,18,7,3,55,-6,215,2586,1309,1303,84,43,34,71,ENE,5,0,30.27,Cloudy,31,29,17
11,19,1,4,55,-4,222,2586,420,416,642,42,41,96,CALM,0,0,30.13,Cloudy,17,21,19
11,19,1,3,55,-10,211,2586,425,415,636,42,41,96,CALM,0,0,30.13,Cloudy,17,21,21
11,19,1,4,55,-3,230,2586,490,487,720,46,45,96,WSW,6,0,30.14,Mostly Cloudy,48,19,22
11,19,1,3,55,15,219,2586,540,555,759,47,45,93,W,8,0,30.14,Cloudy,40,24,14
11,19,1,4,55,-4,231,2586,570,566,801,47,45,93,W,8,0,30.14,Cloudy,40,24,15
11,19,1,3,55,55,210,2586,685,740,895,49,44,83,WSW,8,0,30.08,Haze,19,24,27
11,19,1,4,55,35,209,2586,710,745,919,49,44,83,WSW,8,0,30.08,Haze,19,24,17
11,19,1,4,55,36,222,2586,950,986,1172,47,44,90,SW,7,0,30.03,Mostly Cloudy,34,34,15
11,19,1,3,55,78,227,2586,959,1037,1186,47,43,86,CALM,0,0,30.02,Mostly Cloudy,32,31,37
11,19,1,4,55,47,239,2586,1110,1157,1349,47,42,83,E,5,0,29.99,Cloudy,45,30,42
11,19,1,3,55,55,231,2586,1200,1255,1431,47,42,83,E,5,0,29.99,Cloudy,26,43,17
11,19,1,3,55,-6,215,2586,1309,1303,84,47,42,83,E,5,0,29.99,Cloudy,33,29,17
11,20,2,4,55,-6,222,2586,420,414,642,46,44,93,N,7,0,29.85,Light Rain,17,20,14
11,20,2,3,55,-7,211,2586,425,418,636,46,44,93,N,7,0,29.85,Light Rain,17,20,19
11,20,2,4,55,10,230,2586,490,500,720,45,44,97,N,9,0,29.85,Cloudy,47,18,16
11,20,2,3,55,-2,219,2586,540,538,759,44,42,93,N,10,0,29.87,Cloudy,47,18,22
11,20,2,4,55,-1,231,2586,570,569,801,44,42,93,N,10,0,29.87,Cloudy,45,23,16
11,20,2,3,55,-7,210,2586,685,678,895,44,42,93,NNW,12,0,29.87,Cloudy,29,13,30
11,20,2,4,55,-3,209,2586,710,707,919,44,42,93,NNW,12,0,29.87,Cloudy,29,13,16
11,20,2,4,55,-8,222,2586,950,942,1172,47,36,66,WNW,15,0,29.87,Mostly Cloudy,37,34,40
11,20,2,3,55,-4,227,2586,959,955,1186,47,33,59,WNW,13,23,29.9,Mostly Cloudy,37,34,32
11,20,2,4,55,3,243,2586,1165,1168,1408,45,28,52,NW,16,0,29.99,Mostly Cloudy,47,29,38
11,20,2,3,55,-6,231,2586,1200,1194,1431,45,28,52,NW,16,0,29.99,Mostly Cloudy,47,29,21
11,20,2,3,55,3,215,2586,1309,1312,84,44,32,63,W,13,0,30.02,Mostly Cloudy,35,27,15
11,21,3,4,55,-5,222,2586,420,415,642,37,25,62,W,17,0,30.09,Partly Cloudy,18,21,22
11,21,3,3,55,-3,211,2586,425,422,636,37,25,62,W,17,0,30.09,Partly Cloudy,38,28,19
11,21,3,4,55,-6,230,2586,490,484,720,38,25,60,W,16,0,30.09,Partly Cloudy,47,19,19
11,21,3,3,55,-3,219,2586,540,537,759,41,25,53,WSW,16,0,30.09,Mostly Cloudy,47,19,15
11,21,3,4,55,12,231,2586,570,582,801,41,25,53,WSW,16,0,30.09,Mostly Cloudy,45,25,24
11,21,3,3,55,148,210,2586,685,833,895,46,28,50,W,21,28,29.99,Mostly Cloudy / Windy,23,47,24
11,21,3,4,55,63,209,2586,710,773,919,45,27,49,W,21,33,30,Mostly Cloudy / Windy,21,29,12
11,21,3,4,55,157,222,2586,950,1107,1172,42,27,55,W,21,35,30.04,Mostly Cloudy / Windy,37,38,30
11,21,3,3,55,188,227,2586,960,1148,1187,42,27,55,WNW,20,26,30.07,Mostly Cloudy,46,28,22
11,21,3,4,55,107,243,2586,1165,1272,1408,37,29,73,NW,17,0,30.11,Mostly Cloudy,33,30,25
11,21,3,3,55,77,231,2586,1200,1277,1431,37,29,73,NW,17,0,30.11,Mostly Cloudy,33,30,33
11,21,3,3,55,-8,215,2586,1309,1301,84,37,29,73,NW,17,0,30.11,Mostly Cloudy,33,30,25
11,22,4,3,55,-10,211,2586,425,415,636,20,5,52,NW,15,0,30.4,Fair,17,19,29
11,22,4,4,55,0,226,2586,490,490,716,21,2,44,NNW,15,0,30.44,Fair,39,16,25
11,22,4,3,55,-4,219,2586,540,536,759,22,2,42,NW,20,0,30.46,Fair,39,16,24
11,22,4,3,55,-3,210,2586,685,682,895,25,0,34,NW,21,28,30.45,Fair / Windy,26,15,15
11,22,4,4,55,-3,206,2586,710,707,916,25,0,34,NW,21,28,30.45,Fair / Windy,26,15,29
11,22,4,4,55,-1,218,2586,950,949,1168,28,0,30,NW,29,35,30.41,Fair / Windy,22,29,13
11,22,4,3,55,-4,227,2586,960,956,1187,27,0,31,NW,23,29,30.43,Fair / Windy,22,29,14
11,22,4,4,55,-3,236,2586,1110,1107,1346,25,-3,30,NW,18,0,30.5,Fair,31,32,20
11,22,4,3,55,-16,231,2586,1200,1184,1431,23,-2,34,NNW,14,23,30.53,Fair,31,18,22
11,22,4,3,55,-5,215,2586,1309,1304,84,21,-2,36,NNW,16,0,30.56,Fair,22,16,22
11,23,5,3,55,-7,211,2586,425,418,636,15,3,59,NNW,7,0,30.62,Fair,17,16,19
11,23,5,4,55,-5,226,2586,490,485,716,18,3,52,N,8,0,30.63,Fair,39,13,19
11,23,5,3,55,-10,219,2586,540,530,759,18,3,52,N,8,0,30.63,Fair,39,13,16
11,23,5,3,55,-12,210,2586,685,673,895,27,2,34,CALM,0,0,30.59,Fair,25,12,13
11,23,5,4,55,-4,206,2586,710,706,916,27,2,34,CALM,0,0,30.59,Fair,25,12,18
11,23,5,4,55,-4,221,2586,959,955,1180,30,17,59,WSW,7,0,30.48,Partly Cloudy,30,26,22
11,23,5,3,55,-4,227,2586,959,955,1186,30,17,59,WSW,7,0,30.48,Partly Cloudy,30,26,21
11,23,5,4,55,-6,236,2586,1110,1104,1346,29,15,56,WSW,7,0,30.46,Fair,35,29,25
11,23,5,3,55,-10,231,2586,1200,1190,1431,30,15,54,WSW,8,0,30.46,Partly Cloudy,40,23,20
11,23,5,3,55,-1,215,2586,1309,1308,84,31,12,46,WSW,8,0,30.44,Mostly Cloudy,25,18,12
11,24,6,4,55,-2,231,2586,420,418,651,31,24,76,NNE,5,0,30.23,Mostly Cloudy,19,24,16
11,24,6,3,55,-6,219,2586,540,534,759,35,28,76,NE,3,0,30.21,Mostly Cloudy,51,17,61
11,24,6,4,55,-1,231,2586,570,569,801,38,28,68,NE,5,0,30.19,Mostly Cloudy,45,27,21
11,24,6,3,55,-5,210,2586,685,680,895,42,33,70,ENE,8,0,30.12,Cloudy,34,14,20
11,24,6,4,55,-4,209,2586,710,706,919,42,33,70,ENE,8,0,30.12,Cloudy,34,14,19
11,24,6,4,55,16,222,2586,950,966,1172,48,43,83,NE,9,0,29.96,Cloudy,34,34,18
11,24,6,3,55,19,227,2586,960,979,1187,48,43,83,NE,9,0,29.96,Cloudy,34,34,15
11,24,6,4,55,6,213,2586,1019,1025,1232,46,43,87,NNE,10,0,29.92,Cloudy,33,35,27
11,24,6,4,55,-3,239,2586,1110,1107,1349,48,45,89,ENE,14,0,29.89,Light Rain,41,41,26
11,24,6,3,55,17,231,2586,1200,1217,1431,47,46,97,ENE,14,0,29.82,Light Rain,30,45,45
11,24,6,4,55,-1,234,2586,1255,1254,49,48,48,10,ENE,13,0,29.77,Light Rain,30,45,25
11,25,7,4,55,1,231,2586,420,421,651,47,44,90,NNW,14,0,29.76,Mostly Cloudy,41,30,17
11,25,7,3,55,-1,211,2586,425,424,636,47,44,90,NNW,14,0,29.76,Mostly Cloudy,41,30,28
11,25,7,4,55,7,230,2586,490,497,720,47,44,90,NNW,15,0,29.78,Mostly Cloudy,53,19,22
11,25,7,3,55,-2,219,2586,540,538,759,49,44,83,NNW,17,0,29.81,Mostly Cloudy,53,19,13
11,25,7,4,55,-2,231,2586,570,568,801,49,44,83,NNW,17,0,29.81,Mostly Cloudy,48,24,37
11,25,7,3,55,-4,210,2586,685,681,895,52,45,77,NNW,14,0,29.82,Mostly Cloudy,36,15,20
11,25,7,4,55,-4,209,2586,710,706,919,52,45,77,NNW,14,0,29.82,Mostly Cloudy,36,15,30
11,25,7,4,55,-2,222,2586,950,948,1172,54,42,64,NW,10,0,29.87,Mostly Cloudy,40,34,32
11,25,7,3,55,-1,227,2586,959,958,1186,54,39,57,NW,13,0,29.89,Mostly Cloudy,40,34,23
11,25,7,4,55,1,213,2586,1045,1046,1258,52,38,59,N,6,0,29.91,Mostly Cloudy,35,35,22
11,25,7,4,55,-2,239,2586,1110,1108,1349,51,40,66,NE,5,0,29.92,Mostly Cloudy,39,41,23
11,25,7,3,55,-1,231,2586,1200,1199,1431,51,40,66,CALM,0,0,29.94,Mostly Cloudy,48,31,51
11,25,7,4,55,44,234,2586,1255,1299,49,52,38,59,N,5,0,29.95,Cloudy,37,30,19
11,25,7,3,55,12,215,2586,1309,1321,84,52,39,61,NW,3,0,29.95,Cloudy,34,34,19
11,26,1,4,55,-3,222,2586,420,417,642,46,41,83,E,8,0,29.88,Cloudy,19,25,33
11,26,1,3,55,19,211,2586,425,444,636,46,41,83,E,8,0,29.88,Cloudy,41,29,45
11,26,1,4,55,-6,230,2586,490,484,720,48,46,93,ESE,7,0,29.9,Cloudy,50,20,26
11,26,1,3,55,-6,219,2586,540,534,759,50,46,86,ESE,6,0,29.89,Cloudy,50,20,24
11,26,1,4,55,-3,231,2586,570,567,801,50,46,86,ESE,6,0,29.89,Cloudy,46,28,24
11,26,1,3,55,12,210,2586,685,697,895,52,46,80,ESE,16,0,29.79,Cloudy,36,14,26
11,26,1,4,55,-3,209,2586,710,707,919,52,46,80,ESE,16,0,29.79,Cloudy,36,14,25
11,26,1,4,55,2,222,2586,950,952,1172,50,50,10,E,18,0,29.58,Rain,40,34,30
11,26,1,3,55,10,227,2586,959,969,1186,50,50,10,E,20,32,29.54,Rain,36,36,23
11,26,1,4,55,29,213,2586,1035,1064,1248,49,49,10,ENE,20,26,29.5,Heavy Rain,35,34,18
11,26,1,4,55,207,239,2586,1110,1317,1349,49,49,10,NE,15,0,29.35,Light Rain,31,31,30
11,26,1,3,55,1,231,2586,1200,1201,1431,50,50,10,ENE,25,33,29.43,Light Rain / Windy,28,48,29
11,26,1,4,55,143,234,2586,1255,1398,49,49,49,10,NNE,8,0,29.33,Cloudy,19,23,30
11,26,1,3,55,164,215,2586,1309,33,84,49,49,10,N,6,0,29.32,Cloudy,12,14,17
11,27,2,4,55,-4,239,2586,420,416,659,41,36,82,W,18,0,29.43,Mostly Cloudy,17,21,26
11,27,2,3,55,-8,211,2586,425,417,636,41,36,82,W,18,0,29.43,Mostly Cloudy,17,21,14
11,27,2,4,55,-3,244,2586,495,492,739,41,34,76,W,21,29,29.44,Mostly Cloudy / Windy,47,19,36
11,27,2,3,55,-3,219,2586,540,537,759,42,33,70,W,16,28,29.44,Mostly Cloudy,47,19,20
11,27,2,4,55,-1,243,2586,565,564,808,42,33,70,W,16,28,29.44,Mostly Cloudy,46,25,19
11,27,2,4,55,-2,234,2586,680,678,914,44,32,63,W,21,31,29.45,Mostly Cloudy / Windy,30,15,17
11,27,2,3,55,4,210,2586,685,689,895,44,32,63,W,21,31,29.45,Mostly Cloudy / Windy,30,15,16
11,27,2,4,55,158,244,2586,940,1098,1184,42,28,58,W,18,23,29.47,Cloudy,37,38,24
11,27,2,3,55,76,227,2586,960,1036,1187,42,28,58,W,20,29,29.47,Mostly Cloudy,32,31,18
11,27,2,4,55,29,231,2586,1025,1054,1256,42,28,58,W,20,29,29.47,Mostly Cloudy,32,31,22
11,27,2,4,55,39,244,2586,1170,1209,1414,41,28,60,W,20,0,29.47,Cloudy,28,41,24
11,27,2,3,55,48,231,2586,1200,1248,1431,40,29,65,W,22,26,29.48,Cloudy / Windy,28,41,34
11,27,2,3,55,-2,215,2586,1309,1307,84,40,29,65,W,22,26,29.48,Cloudy / Windy,30,27,24
11,28,3,4,55,-8,239,2586,420,412,659,37,25,62,WNW,23,32,29.46,Mostly Cloudy / Windy,19,23,18
11,28,3,3,55,-1,211,2586,425,424,636,37,25,62,WNW,23,32,29.46,Mostly Cloudy / Windy,38,25,17
11,28,3,4,55,-6,244,2586,495,489,739,36,26,67,W,16,25,29.47,Mostly Cloudy,47,19,48
11,28,3,3,55,3,219,2586,540,543,759,38,25,60,WNW,22,32,29.48,Mostly Cloudy / Windy,42,24,32
11,28,3,4,55,0,243,2586,565,565,808,38,25,60,WNW,22,32,29.48,Mostly Cloudy / Windy,42,24,33
11,28,3,4,55,69,234,2586,680,749,914,41,27,57,WNW,22,30,29.49,Mostly Cloudy / Windy,21,27,20
11,28,3,3,55,-3,210,2586,685,682,895,39,26,60,W,18,36,29.5,Mostly Cloudy,30,16,42
11,28,3,4,55,79,244,2586,940,1019,1184,41,27,57,WNW,22,28,29.58,Mostly Cloudy / Windy,31,38,17
11,28,3,3,55,106,227,2586,960,1066,1187,41,27,57,WNW,22,28,29.58,Mostly Cloudy / Windy,32,31,28
11,28,3,4,55,43,231,2586,1025,1068,1256,41,27,57,WNW,22,28,29.58,Mostly Cloudy / Windy,32,31,30
11,28,3,4,55,29,244,2586,1170,1199,1414,42,27,55,WNW,16,30,29.63,Mostly Cloudy,44,28,37
11,28,3,3,55,-6,231,2586,1200,1194,1431,42,27,55,WNW,16,30,29.63,Mostly Cloudy,44,28,37
11,28,3,3,55,-4,215,2586,1309,1305,84,41,27,57,WNW,21,32,29.66,Mostly Cloudy / Windy,26,28,24
11,29,4,4,55,-7,239,2586,420,413,659,40,28,63,WNW,20,38,29.84,Fair,18,23,12
11,29,4,3,55,-9,211,2586,425,416,636,40,28,63,WNW,20,38,29.84,Fair,18,23,19
11,29,4,4,55,-5,244,2586,495,490,739,41,28,60,WNW,28,33,29.86,Fair / Windy,49,19,34
11,29,4,3,55,-10,219,2586,540,530,759,41,28,60,WNW,28,33,29.86,Fair / Windy,49,19,37
11,29,4,4,55,160,243,2586,565,725,808,45,28,52,NW,24,37,29.87,Partly Cloudy / Windy,20,30,27
11,29,4,4,55,173,234,2586,680,853,914,46,28,50,NW,25,0,29.88,Mostly Cloudy / Windy,30,44,26
11,29,4,3,55,171,210,2586,685,856,895,46,28,50,NW,25,0,29.88,Mostly Cloudy / Windy,30,44,18
11,29,4,4,55,105,244,2586,940,1045,1184,42,27,55,NW,22,0,29.94,Mostly Cloudy / Windy,33,33,17
11,29,4,3,55,79,227,2586,960,1039,1187,42,27,55,NW,22,0,29.94,Mostly Cloudy / Windy,33,33,20
11,29,4,4,55,12,231,2586,1025,1037,1256,42,27,55,NW,22,0,29.94,Mostly Cloudy / Windy,33,33,28
12,1,6,4,55,-6,236,2586,495,489,731,37,35,93,CALM,0,0,30.22,Fair,44,13,28
12,1,6,3,55,-6,219,2586,540,534,759,40,35,83,N,7,0,30.22,Fair,44,13,16
12,1,6,4,55,1,230,2586,680,681,910,44,34,68,N,7,0,30.22,Mostly Cloudy,29,15,20
12,1,6,4,55,-8,239,2586,940,932,1179,44,35,71,S,6,0,30.19,Cloudy,34,35,22
12,1,6,3,55,-6,227,2586,960,954,1187,42,36,79,S,8,0,30.2,Cloudy,34,35,21
12,1,6,4,55,-3,240,2586,1170,1167,1410,42,37,82,E,7,0,30.17,Light Rain,46,29,20
12,1,6,3,55,-5,231,2586,1200,1195,1431,42,37,82,E,7,0,30.17,Light Rain,46,29,45
12,2,7,4,55,-3,239,2586,420,417,659,48,48,10,ENE,12,0,29.85,Rain,20,25,23
12,2,7,3,55,0,211,2586,425,425,636,48,48,10,ENE,12,0,29.85,Rain,36,28,27
12,2,7,4,55,-10,244,2586,495,485,739,49,49,10,NE,8,0,29.81,Light Rain,47,18,32
12,2,7,3,55,-6,219,2586,540,534,759,51,51,10,ENE,6,0,29.79,Light Rain,47,18,26
12,2,7,4,55,-6,243,2586,570,564,813,51,51,10,ENE,6,0,29.79,Light Rain,38,20,34
12,2,7,4,55,81,234,2586,680,761,914,54,54,10,SSW,7,0,29.69,Light Drizzle,17,30,21
12,2,7,3,55,-9,210,2586,685,676,895,54,54,10,S,8,0,29.74,Light Rain,32,17,16
12,2,7,4,55,-3,244,2586,940,937,1184,52,52,10,S,10,0,29.64,Fog,38,35,19
12,2,7,3,55,-4,227,2586,960,956,1187,53,53,10,SSW,7,0,29.63,Fog,38,35,11
12,2,7,4,55,8,231,2586,1050,1058,1281,51,51,10,S,5,0,29.62,Light Rain,33,33,23
12,2,7,4,55,-2,244,2586,1170,1168,1414,53,53,10,SE,5,0,29.61,Cloudy,47,31,29
12,2,7,3,55,184,231,2586,1200,1384,1431,54,54,10,CALM,0,0,29.61,Cloudy,19,22,27
12,2,7,3,55,66,215,2586,1309,1375,84,54,54,10,CALM,0,0,29.61,Cloudy,27,29,31
12,3,1,4,55,-5,239,2586,420,415,659,51,51,10,SW,13,0,29.6,Mostly Cloudy,18,25,19
12,3,1,3,55,-6,211,2586,425,419,636,51,51,10,SW,13,0,29.6,Mostly Cloudy,18,25,27
12,3,1,4,55,-5,244,2586,495,490,739,51,50,96,SW,12,0,29.62,Mostly Cloudy,49,21,19
12,3,1,3,55,-8,219,2586,540,532,759,54,47,77,W,15,22,29.64,Mostly Cloudy,49,21,18
12,3,1,4,55,2,243,2586,565,567,808,54,47,77,W,15,22,29.64,Mostly Cloudy,42,28,18
12,3,1,4,55,-1,234,2586,680,679,914,54,43,66,W,16,26,29.66,Mostly Cloudy,32,16,24
12,3,1,3,55,-1,210,2586,685,684,895,54,43,66,W,16,26,29.66,Mostly Cloudy,32,16,24
12,3,1,4,55,-4,244,2586,940,936,1184,52,34,50,W,20,0,29.64,Mostly Cloudy,37,34,18
12,3,1,3,55,-8,227,2586,960,952,1187,52,35,53,W,21,0,29.67,Mostly Cloudy / Windy,37,34,26
12,3,1,4,55,27,231,2586,1050,1077,1281,49,36,61,W,17,24,29.71,Mostly Cloudy,34,31,25
12,3,1,4,55,-3,244,2586,1170,1167,1414,49,36,61,W,15,24,29.73,Mostly Cloudy,49,30,42
12,3,1,3,55,-5,231,2586,1200,1195,1431,49,36,61,W,15,24,29.73,Mostly Cloudy,49,30,46
12,3,1,3,55,-8,215,2586,1309,1301,84,49,36,61,W,13,0,29.73,Mostly Cloudy,31,27,20
12,4,2,4,55,-2,239,2586,420,418,659,37,24,59,NNW,17,0,29.89,Partly Cloudy,16,21,13
12,4,2,3,55,-6,211,2586,425,419,636,37,24,59,NNW,17,0,29.89,Partly Cloudy,16,21,18
12,4,2,4,55,-12,244,2586,495,483,739,37,23,57,NNW,20,0,29.92,Fair,46,17,24
12,4,2,3,55,-4,219,2586,540,536,759,39,23,53,NNW,21,28,29.94,Partly Cloudy / Windy,46,17,19
12,4,2,4,55,-1,243,2586,565,564,808,39,23,53,NNW,21,28,29.94,Partly Cloudy / Windy,42,25,12
12,4,2,4,55,4,234,2586,680,684,914,40,23,51,NW,21,25,29.95,Partly Cloudy / Windy,29,15,23
12,4,2,3,55,-6,210,2586,685,679,895,40,23,51,NW,21,25,29.95,Partly Cloudy / Windy,29,15,17
12,4,2,4,55,-7,244,2586,940,933,1184,41,18,40,NW,20,26,29.95,Fair,36,33,23
12,4,2,3,55,-2,227,2586,960,958,1187,39,17,41,WNW,15,0,29.96,Fair,36,33,45
12,4,2,4,55,-8,231,2586,1030,1022,1261,38,16,41,NW,13,0,29.98,Fair,30,29,15
12,4,2,4,55,2,244,2586,1170,1172,1414,36,14,41,N,15,0,30.04,Fair,46,29,51
12,4,2,3,55,-6,231,2586,1200,1194,1431,36,14,41,N,15,0,30.04,Fair,46,29,58
12,4,2,3,55,-6,215,2586,1309,1303,84,35,17,48,N,12,0,30.05,Fair,30,24,20
12,5,3,4,55,-2,239,2586,420,418,659,27,18,69,N,6,0,30.11,Fair,18,22,18
12,5,3,3,55,-6,211,2586,425,419,636,27,18,69,N,6,0,30.11,Fair,18,22,27
12,5,3,4,55,24,244,2586,495,519,739,29,20,69,N,6,0,30.12,Fair,47,19,31
12,5,3,3,55,-2,219,2586,540,538,759,32,21,64,NNE,10,0,30.12,Fair,47,19,21
12,5,3,4,55,-5,243,2586,565,560,808,32,21,64,NNE,10,0,30.12,Fair,41,25,14
12,5,3,4,55,117,234,2586,680,797,914,36,24,62,NNE,14,0,30.03,Cloudy,22,45,19
12,5,3,3,55,137,210,2586,685,822,895,36,24,62,NNE,14,0,30.03,Cloudy,22,45,22
12,5,3,4,55,-6,244,2586,940,934,1184,36,18,48,N,10,0,30.02,Cloudy,34,33,22
12,5,3,3,55,34,227,2586,960,994,1187,35,16,46,NE,9,0,30.04,Mostly Cloudy,30,40,24
12,5,3,4,55,-3,231,2586,1025,1022,1256,34,19,54,NNE,5,0,30.04,Cloudy,32,29,21
12,5,3,4,55,-6,244,2586,1170,1164,1414,34,17,50,NW,9,0,30.07,Mostly Cloudy,46,28,20
12,5,3,3,55,-9,231,2586,1200,1191,1431,34,17,50,NW,9,0,30.07,Mostly Cloudy,46,28,38
12,5,3,3,55,-4,215,2586,1309,1305,84,34,17,50,WNW,8,0,30.08,Mostly Cloudy,27,25,17
12,6,4,4,55,-4,239,2586,420,416,659,31,22,69,W,12,0,30.21,Mostly Cloudy,19,26,28
12,6,4,3,55,-10,218,2586,425,415,643,31,22,69,W,12,0,30.21,Mostly Cloudy,19,26,25
12,6,4,4,55,-6,244,2586,495,489,739,32,23,69,W,15,0,30.22,Mostly Cloudy,49,20,25
12,6,4,3,55,-9,226,2586,540,531,766,34,24,67,W,15,0,30.23,Mostly Cloudy,49,20,17
12,6,4,4,55,-5,243,2586,565,560,808,34,24,67,W,15,0,30.23,Mostly Cloudy,42,25,20
12,6,4,4,55,-2,234,2586,680,678,914,37,24,59,W,14,0,30.2,Mostly Cloudy,32,18,22
12,6,4,3,55,-7,217,2586,685,678,902,37,24,59,W,14,0,30.2,Mostly Cloudy,32,18,23
12,6,4,4,55,-3,244,2586,940,937,1184,39,23,53,W,17,0,30.16,Partly Cloudy,35,33,30
12,6,4,3,55,-6,227,2586,960,954,1187,38,23,55,W,14,0,30.17,Mostly Cloudy,35,33,40
12,6,4,4,55,-6,231,2586,1025,1019,1256,38,24,57,WSW,15,0,30.16,Cloudy,32,41,14
12,6,4,4,55,-7,244,2586,1170,1163,1414,38,24,57,WSW,20,0,30.18,Cloudy,49,29,45
12,6,4,3,55,0,231,2586,1200,1200,1431,38,24,57,WSW,20,0,30.18,Cloudy,31,43,43
12,6,4,3,55,12,215,2586,1309,1321,84,38,26,62,SW,15,0,30.17,Cloudy,24,32,36
12,7,5,4,55,-5,239,2586,420,415,659,36,22,57,NW,17,0,30.28,Partly Cloudy,20,28,24
12,7,5,3,55,11,218,2586,425,436,643,36,22,57,NW,17,0,30.28,Partly Cloudy,39,26,16
12,7,5,4,55,-3,244,2586,495,492,739,35,22,59,NNW,10,0,30.31,Fair,49,19,28
12,7,5,3,55,-5,226,2586,540,535,766,36,18,48,NW,22,26,30.34,Fair / Windy,49,19,26
12,7,5,4,55,-1,243,2586,565,564,808,36,18,48,NW,22,26,30.34,Fair / Windy,43,25,31
12,7,5,4,55,-3,234,2586,680,677,914,38,16,41,NW,16,26,30.35,Fair,33,15,15
12,7,5,3,55,-6,217,2586,685,679,902,38,16,41,NW,16,26,30.35,Fair,33,15,15
12,7,5,4,55,-5,244,2586,940,935,1184,39,14,36,NW,18,36,30.32,Fair,35,33,21
12,7,5,3,55,-8,227,2586,960,952,1187,37,13,37,NW,14,0,30.34,Fair,35,33,29
12,7,5,4,55,-8,231,2586,1050,1042,1281,34,13,42,NNW,14,0,30.36,Fair,35,32,17
12,7,5,4,55,-1,244,2586,1170,1169,1414,32,14,48,NNW,16,0,30.43,Fair,48,28,67
12,7,5,3,55,-7,231,2586,1200,1193,1431,32,14,48,NNW,16,0,30.43,Fair,48,28,55
12,7,5,3,55,15,215,2586,1309,1324,84,30,11,45,NNW,16,0,30.45,Fair,29,28,24
12,8,6,4,55,-4,236,2586,495,491,731,27,14,58,WNW,8,0,30.5,Partly Cloudy,45,15,26
12,8,6,3,55,-7,226,2586,540,533,766,29,13,51,W,9,0,30.5,Fair,45,15,18
12,8,6,4,55,-1,230,2586,680,679,910,33,16,50,WSW,8,0,30.5,Partly Cloudy,30,13,17
12,8,6,4,55,-6,239,2586,940,934,1179,37,17,44,W,18,0,30.44,Mostly Cloudy,33,35,36
12,8,6,3,55,4,227,2586,960,964,1187,35,18,50,W,15,0,30.46,Mostly Cloudy,25,36,37
12,8,6,4,55,-5,240,2586,1170,1165,1410,31,17,57,NNW,8,0,30.52,Partly Cloudy,46,28,26
12,8,6,3,55,-6,231,2586,1200,1194,1431,31,17,57,NNW,8,0,30.52,Partly Cloudy,46,28,36
12,9,7,4,55,-3,239,2586,420,417,659,28,18,66,NE,5,0,30.49,Mostly Cloudy,20,28,23
12,9,7,3,55,-8,218,2586,425,417,643,28,18,66,NE,5,0,30.49,Mostly Cloudy,20,28,12
12,9,7,4,55,-2,244,2586,495,493,739,28,19,69,ENE,3,0,30.48,Mostly Cloudy,47,18,20
12,9,7,3,55,-1,226,2586,540,539,766,30,21,69,NE,3,0,30.48,Mostly Cloudy,47,18,20
12,9,7,4,55,8,243,2586,570,578,813,30,21,69,NE,3,0,30.48,Mostly Cloudy,38,19,21
12,9,7,4,55,-7,234,2586,680,673,914,33,19,56,SSW,3,0,30.43,Mostly Cloudy,33,15,21
12,9,7,3,55,-4,217,2586,685,681,902,33,19,56,SSW,3,0,30.43,Mostly Cloudy,33,15,21
12,9,7,4,55,1,244,2586,940,941,1184,35,22,59,CALM,0,0,30.33,Mostly Cloudy,36,36,30
12,9,7,3,55,-8,227,2586,960,952,1187,34,24,67,WSW,5,0,30.31,Mostly Cloudy,36,36,38
12,9,7,4,55,-1,231,2586,1050,1049,1281,33,24,70,WSW,6,0,30.28,Cloudy,33,33,26
12,9,7,4,55,0,244,2586,1170,1170,1414,34,24,67,W,9,0,30.25,Cloudy,48,30,54
12,9,7,3,55,-6,231,2586,1200,1194,1431,34,24,67,W,9,0,30.25,Cloudy,48,30,18
12,9,7,3,55,-3,215,2586,1309,1306,84,34,22,61,W,9,0,30.22,Cloudy,32,27,20
12,10,1,4,55,12,239,2586,420,432,659,28,21,75,N,8,0,30.11,Fair,40,26,17
12,10,1,3,55,10,218,2586,425,435,643,28,21,75,N,8,0,30.11,Fair,40,26,16
12,10,1,4,55,-2,244,2586,495,493,739,31,22,69,N,8,0,30.12,Fair,49,21,29
12,10,1,3,55,-7,226,2586,540,533,766,34,22,61,NNE,13,22,30.13,Fair,49,21,20
12,10,1,4,55,-1,243,2586,565,564,808,34,22,61,NNE,13,22,30.13,Fair,42,28,14
12,10,1,4,55,65,234,2586,680,745,914,38,21,51,N,14,0,30.12,Fair,22,29,16
12,10,1,3,55,83,217,2586,685,768,902,38,21,51,N,14,0,30.12,Fair,22,29,25
12,10,1,4,55,-1,244,2586,940,939,1184,39,20,46,N,12,0,30.11,Fair,35,35,24
12,10,1,3,55,-9,227,2586,960,951,1187,38,20,48,NNW,10,0,30.12,Fair,35,35,17
12,10,1,4,55,-6,231,2586,1050,1044,1281,36,19,50,NNW,8,0,30.13,Fair,34,31,23
12,10,1,4,55,-3,244,2586,1170,1167,1414,34,20,56,NNE,7,0,30.15,Fair,49,29,29
12,10,1,3,55,-7,231,2586,1200,1193,1431,34,20,56,NNE,7,0,30.15,Fair,49,29,17
12,10,1,3,55,4,215,2586,1309,1313,84,34,19,54,N,10,0,30.17,Fair,29,29,16
12,11,2,4,55,-5,239,2586,420,415,659,28,22,78,N,6,0,30.17,Fair,19,24,25
12,11,2,3,55,-6,218,2586,425,419,643,28,22,78,N,6,0,30.17,Fair,19,24,37
12,11,2,4,55,-1,244,2586,495,494,739,29,24,82,NNE,7,0,30.16,Fair,46,18,26
12,11,2,3,55,-8,226,2586,540,532,766,34,27,75,N,6,0,30.15,Fair,46,18,15
12,11,2,4,55,-4,243,2586,565,561,808,34,27,75,N,6,0,30.15,Fair,42,25,14
12,11,2,4,55,-2,234,2586,680,678,914,38,25,60,CALM,0,0,30.14,Partly Cloudy,29,15,20
12,11,2,3,55,-4,217,2586,685,681,902,38,25,60,CALM,0,0,30.14,Partly Cloudy,29,15,30
12,11,2,4,55,0,244,2586,940,940,1184,39,28,65,SW,5,0,30,Fair,34,34,21
12,11,2,3,55,-4,227,2586,960,956,1187,37,29,73,S,3,0,29.98,Fair,34,34,23
12,11,2,4,55,-2,231,2586,1030,1028,1261,36,29,76,S,5,0,29.97,Fair,30,29,16
12,11,2,4,55,-3,244,2586,1170,1167,1414,35,31,85,WSW,8,0,29.97,Fair,46,28,60
12,11,2,3,55,-9,231,2586,1200,1191,1431,35,31,85,WSW,8,0,29.97,Fair,46,28,32
12,11,2,3,55,-5,215,2586,1309,1304,84,36,24,62,WSW,12,0,29.96,Fair,30,26,34
12,12,3,4,55,10,239,2586,420,430,659,33,23,66,WNW,15,22,30.07,Fair,38,25,12
12,12,3,3,55,-7,218,2586,425,418,643,33,23,66,WNW,15,22,30.07,Fair,19,25,19
12,12,3,4,55,-4,244,2586,495,491,739,34,24,67,WNW,13,0,30.08,Fair,47,19,22
12,12,3,3,55,-5,226,2586,540,535,766,37,24,59,WNW,14,21,30.12,Fair,47,19,14
12,12,3,4,55,-3,243,2586,565,562,808,37,24,59,WNW,14,21,30.12,Fair,41,24,16
12,12,3,4,55,7,234,2586,680,687,914,40,26,58,NW,18,0,30.13,Partly Cloudy,30,15,23
12,12,3,3,55,51,217,2586,685,736,902,40,25,55,WNW,14,0,30.13,Partly Cloudy,23,28,14
12,12,3,4,55,-5,244,2586,940,935,1184,39,24,55,W,12,0,30.14,Mostly Cloudy,34,33,22
12,12,3,3,55,8,227,2586,960,968,1187,39,24,55,NW,13,0,30.15,Mostly Cloudy,30,40,15
12,12,3,4,55,-9,231,2586,1025,1016,1256,38,24,57,NW,13,0,30.18,Mostly Cloudy,30,40,33
12,12,3,4,55,-5,244,2586,1170,1165,1414,37,23,57,NNW,6,0,30.23,Mostly Cloudy,46,27,25
12,12,3,3,55,-5,231,2586,1200,1195,1431,37,23,57,NNW,6,0,30.23,Mostly Cloudy,46,27,23
12,12,3,3,55,-7,215,2586,1309,1302,84,35,24,64,ENE,5,0,30.23,Mostly Cloudy,27,27,22
12,13,4,4,55,-5,239,2586,420,415,659,33,22,64,ENE,12,0,30.37,Cloudy,19,25,32
12,13,4,3,55,-8,218,2586,425,417,643,33,22,64,ENE,12,0,30.37,Cloudy,19,25,21
12,13,4,4,55,-7,244,2586,495,488,739,34,24,67,ENE,13,0,30.39,Light Rain,51,20,71
12,13,4,3,55,-9,226,2586,540,531,766,34,24,67,ENE,13,0,30.39,Cloudy,51,20,26
12,13,4,4,55,-10,243,2586,565,555,808,34,25,70,ENE,12,0,30.4,Light Snow,41,25,23
12,13,4,4,55,-4,234,2586,680,676,914,36,30,79,ENE,10,0,30.42,Wintry Mix,32,18,35
12,13,4,3,55,-7,217,2586,685,678,902,36,30,79,ENE,10,0,30.42,Wintry Mix,32,18,30
12,13,4,4,55,-3,244,2586,940,937,1184,39,37,93,NNE,9,0,30.42,Light Rain,35,34,38
12,13,4,3,55,-6,227,2586,960,954,1187,38,37,97,N,12,0,30.44,Rain,35,34,32
12,13,4,4,55,-1,231,2586,1025,1024,1256,40,39,97,N,6,0,30.45,Cloudy,34,32,28
12,13,4,4,55,1,244,2586,1170,1171,1414,42,40,92,CALM,0,0,30.46,Cloudy,48,30,64
12,13,4,3,55,-6,231,2586,1200,1194,1431,42,40,92,CALM,0,0,30.46,Cloudy,48,30,37
12,13,4,3,55,11,215,2586,1309,1320,84,42,40,92,ENE,8,0,30.47,Cloudy,25,32,29
12,14,5,4,55,-5,239,2586,420,415,659,44,41,89,E,9,0,30.47,Mostly Cloudy,19,28,20
12,14,5,3,55,-6,218,2586,425,419,643,44,41,89,E,9,0,30.47,Mostly Cloudy,19,28,23
12,14,5,4,55,-12,244,2586,495,483,739,43,41,93,ENE,3,0,30.48,Mostly Cloudy,50,20,32
12,14,5,3,55,-5,226,2586,540,535,766,44,41,89,ENE,8,0,30.49,Mostly Cloudy,50,20,23
12,14,5,4,55,-4,243,2586,565,561,808,44,41,89,ENE,8,0,30.49,Mostly Cloudy,42,25,16
12,14,5,4,55,-1,234,2586,680,679,914,48,43,83,ESE,8,0,30.46,Mostly Cloudy,32,15,32
12,14,5,3,55,-4,217,2586,685,681,902,48,43,83,ESE,8,0,30.46,Mostly Cloudy,32,15,34
12,14,5,4,55,91,244,2586,940,1031,1184,49,47,93,ESE,9,0,30.35,Light Rain,35,32,33
12,14,5,3,55,-4,227,2586,960,956,1187,49,46,90,SE,9,0,30.37,Cloudy,35,33,15
12,14,5,4,55,129,231,2586,1050,1179,1281,48,48,10,SE,7,0,30.34,Light Rain,48,28,34
12,14,5,4,55,45,244,2586,1170,1215,1414,48,48,10,SE,7,0,30.34,Light Rain,31,47,33
12,14,5,3,55,104,231,2586,1200,1304,1431,47,47,10,SSE,5,0,30.31,Light Rain,32,30,23
12,14,5,3,55,-2,215,2586,1309,1307,84,47,47,10,SSE,5,0,30.31,Light Rain,32,30,28
12,15,6,4,55,-5,236,2586,495,490,731,49,49,10,ESE,5,0,30.15,Cloudy,47,17,31
12,15,6,3,55,-2,226,2586,540,538,766,49,49,10,NE,6,0,30.17,Cloudy,47,17,21
12,15,6,4,55,-10,230,2586,680,670,910,49,49,10,NNE,13,0,30.14,Cloudy,30,13,21
12,15,6,3,55,-1,217,2586,685,684,902,49,49,10,NNE,13,0,30.14,Cloudy,30,13,26
12,15,6,4,55,19,239,2586,940,959,1179,52,47,83,NNE,12,0,30.08,Cloudy,33,34,32
12,15,6,3,55,-4,227,2586,960,956,1187,52,47,83,NNE,12,0,30.08,Cloudy,33,34,33
12,15,6,4,55,-1,240,2586,1170,1169,1410,51,41,68,NNE,15,0,30.12,Cloudy,48,28,25
12,15,6,3,55,-5,231,2586,1200,1195,1431,51,41,68,NNE,15,0,30.12,Cloudy,48,28,37
12,16,7,4,55,-7,239,2586,420,413,659,41,40,96,ENE,22,28,30.02,Light Rain / Windy,21,29,20
12,16,7,3,55,-10,218,2586,425,415,643,41,40,96,ENE,22,28,30.02,Light Rain / Windy,21,29,32
12,16,7,4,55,-4,244,2586,495,491,739,41,40,96,NE,20,29,30.01,Light Rain,49,18,31
12,16,7,3,55,-2,226,2586,540,538,766,41,41,10,NE,17,0,30,Cloudy,49,18,37
12,16,7,4,55,1,243,2586,570,571,813,41,41,10,NE,17,0,30,Cloudy,38,19,27
12,16,7,4,55,16,234,2586,680,696,914,42,41,96,NE,18,26,29.95,Cloudy,32,15,21
12,16,7,3,55,259,217,2586,685,944,902,41,41,10,NNE,13,25,29.81,Light Rain,36,36,35
12,16,7,4,55,0,244,2586,940,940,1184,42,41,96,NNE,15,0,29.82,Rain,36,36,37
12,16,7,3,55,-1,227,2586,960,959,1187,41,41,10,NNE,13,25,29.81,Light Rain,36,36,116
12,16,7,4,55,45,231,2586,1050,1095,1281,41,40,96,NNE,16,0,29.8,Light Rain,37,41,31
12,16,7,4,55,54,244,2586,1170,1224,1414,40,39,97,N,21,26,29.78,Light Rain / Windy,30,48,46
12,16,7,3,55,122,231,2586,1200,1322,1431,38,37,97,N,23,30,29.77,Light Rain / Windy,27,30,23
12,16,7,3,55,119,215,2586,1309,1428,84,37,36,96,N,20,0,29.77,Rain,18,21,31
12,17,1,4,55,1,239,2586,420,421,659,40,36,86,NW,15,0,29.76,Mostly Cloudy,40,26,29
12,17,1,3,55,-6,218,2586,425,419,643,40,36,86,NW,15,0,29.76,Mostly Cloudy,19,27,22
12,17,1,4,55,3,244,2586,495,498,739,40,36,86,NW,14,0,29.76,Mostly Cloudy,50,21,47
12,17,1,3,55,-1,226,2586,540,539,766,41,35,79,WNW,10,0,29.75,Mostly Cloudy,50,21,31
12,17,1,4,55,-5,243,2586,565,560,808,41,35,79,WNW,10,0,29.75,Mostly Cloudy,41,28,27
12,17,1,4,55,-5,234,2586,680,675,914,46,37,71,W,17,0,29.71,Mostly Cloudy,33,16,22
12,17,1,3,55,-11,217,2586,685,674,902,46,37,71,W,17,0,29.71,Mostly Cloudy,33,16,19
12,17,1,4,55,-1,244,2586,940,939,1184,46,28,50,WNW,22,43,29.68,Mostly Cloudy / Windy,35,35,31
12,17,1,3,55,-7,227,2586,960,953,1187,45,27,49,WNW,29,37,29.69,Mostly Cloudy / Windy,35,35,34
12,17,1,4,55,5,231,2586,1050,1055,1281,44,26,49,NW,22,30,29.73,Cloudy / Windy,35,31,27
12,17,1,4,55,-4,244,2586,1170,1166,1414,43,26,51,WNW,20,36,29.77,Cloudy,49,28,43
12,17,1,3,55,19,231,2586,1200,1219,1431,43,26,51,WNW,20,36,29.77,Cloudy,29,47,46
12,17,1,3,55,-4,215,2586,1309,1305,84,43,25,49,WNW,21,29,29.78,Cloudy / Windy,32,29,20
12,18,2,4,55,2,239,2586,420,422,659,33,15,48,NW,28,41,29.93,Fair / Windy,40,25,25
12,18,2,3,55,-7,218,2586,425,418,643,33,15,48,NW,28,41,29.93,Fair / Windy,20,25,23
12,18,2,4,55,-2,244,2586,495,493,739,32,16,52,NNW,24,32,29.97,Fair / Windy,49,20,33
12,18,2,3,55,-4,226,2586,540,536,766,32,15,50,NNW,22,32,30,Partly Cloudy / Windy,49,20,21
12,18,2,4,55,0,243,2586,565,565,808,32,15,50,NNW,22,32,30,Partly Cloudy / Windy,42,25,18
12,18,2,4,55,-4,234,2586,680,676,914,34,14,44,NNW,26,33,30.03,Fair / Windy,29,15,30
12,18,2,3,55,-3,217,2586,685,682,902,34,14,44,NNW,26,33,30.03,Fair / Windy,29,15,29
12,18,2,4,55,-4,244,2586,940,936,1184,36,14,41,NW,16,23,30.05,Fair,34,34,33
12,18,2,3,55,-3,227,2586,960,957,1187,35,15,44,W,18,25,30.08,Fair,34,34,31
12,18,2,4,55,-2,231,2586,1030,1028,1261,34,15,46,NW,16,0,30.11,Fair,34,30,19
12,18,2,4,55,-5,244,2586,1170,1165,1414,33,14,46,NW,17,0,30.14,Fair,47,29,14
12,18,2,3,55,-7,231,2586,1200,1193,1431,33,14,46,NW,17,0,30.14,Fair,47,29,17
12,18,2,3,55,-1,215,2586,1309,1308,84,31,15,52,NW,18,0,30.14,Fair,32,26,23
12,19,3,4,55,12,239,2586,420,432,659,27,17,66,WNW,7,0,30.18,Fair,40,27,18
12,19,3,3,55,-5,218,2586,425,420,643,27,17,66,WNW,7,0,30.18,Fair,40,27,17
12,19,3,4,55,9,244,2586,495,504,739,28,19,69,WNW,8,0,30.18,Partly Cloudy,52,22,16
12,19,3,3,55,-4,226,2586,540,536,766,31,19,61,N,5,0,30.19,Partly Cloudy,52,22,11
12,19,3,4,55,-1,243,2586,565,564,808,31,19,61,N,5,0,30.19,Partly Cloudy,41,24,11
12,19,3,4,55,-6,234,2586,680,674,914,35,21,57,SW,8,0,30.18,Fair,30,17,22
12,19,3,3,55,-9,217,2586,685,676,902,35,21,57,SW,8,0,30.18,Fair,30,17,22
12,19,3,4,55,-3,244,2586,940,937,1184,39,24,55,SW,9,0,30.1,Mostly Cloudy,33,34,18
12,19,3,3,55,-10,227,2586,960,950,1187,39,24,55,SW,9,0,30.1,Mostly Cloudy,33,34,24
12,19,3,4,55,0,231,2586,1025,1025,1256,38,26,62,SW,8,0,30.1,Mostly Cloudy,35,32,28
12,19,3,4,55,2,244,2586,1170,1172,1414,37,28,70,SSW,8,0,30.11,Mostly Cloudy,48,27,50
12,19,3,3,55,5,227,2586,1220,1225,7,37,28,70,SW,8,0,30.13,Partly Cloudy,31,52,37
12,19,3,3,55,-8,215,2586,1309,1301,84,37,28,70,SW,8,0,30.13,Partly Cloudy,32,28,25
12,20,4,4,55,-1,239,2586,420,419,659,33,33,10,CALM,0,0,30.13,Partly Cloudy,22,24,28
12,20,4,4,55,-4,244,2586,495,491,739,30,30,10,NNE,3,0,30.13,Mostly Cloudy,57,20,35
12,20,4,3,55,-3,232,2586,540,537,772,35,34,96,NNE,5,0,30.14,Mostly Cloudy,57,20,33
12,20,4,4,55,7,243,2586,565,572,808,35,34,96,NNE,5,0,30.14,Mostly Cloudy,43,24,28
12,20,4,4,55,2,234,2586,680,682,914,43,36,76,NE,5,0,30.1,Mostly Cloudy,32,24,27
12,20,4,3,55,97,228,2586,685,782,913,45,38,76,E,5,0,30.08,Cloudy,28,43,21
12,20,4,4,55,-3,244,2586,940,937,1184,45,42,90,E,6,0,30.04,Light Rain,35,34,22
12,20,4,3,55,-6,235,2586,960,954,1195,45,43,93,E,7,0,30.03,Cloudy,35,34,30
12,20,4,4,55,9,231,2586,1025,1034,1256,45,44,97,ENE,8,0,30.03,Light Rain,35,34,31
12,20,4,4,55,46,244,2586,1170,1216,1414,47,47,10,E,12,0,29.97,Light Rain,33,50,49
12,20,4,3,55,76,225,2586,1230,1306,15,48,48,10,E,15,0,29.94,Light Rain,37,35,49
12,20,4,3,55,-2,223,2586,1309,1307,92,48,48,10,E,15,0,29.94,Light Rain,37,35,46
12,21,5,4,55,-3,239,2586,420,417,659,56,56,10,SSE,31,40,29.47,Light Rain / Windy,23,25,30
12,21,5,4,55,0,244,2586,495,495,739,56,56,10,S,16,0,29.5,Light Rain,56,20,56
12,21,5,3,55,48,232,2586,540,588,772,54,54,10,S,15,0,29.5,Heavy Rain,45,24,38
12,21,5,4,55,-2,243,2586,565,563,808,54,54,10,S,15,0,29.5,Heavy Rain,45,24,53
12,21,5,4,55,6,234,2586,680,686,914,56,56,10,S,18,0,29.45,Rain,33,21,36
12,21,5,3,55,7,228,2586,685,692,913,56,56,10,S,18,0,29.45,Rain,33,21,33
12,21,5,4,55,-1,244,2586,940,939,1184,54,54,10,S,15,0,29.38,Light Rain,35,34,40
12,21,5,3,55,114,235,2586,960,1074,1195,53,53,10,SSE,20,0,29.32,Cloudy,36,36,34
12,21,5,4,55,71,231,2586,1050,1121,1281,54,54,10,SSE,23,33,29.28,Cloudy / Windy,38,40,47
12,21,5,4,55,18,244,2586,1170,1188,1414,54,54,10,SSE,24,33,29.27,Cloudy / Windy,48,28,70
12,21,5,3,55,10,225,2586,1230,1240,15,54,54,10,SSE,20,36,29.26,Cloudy,29,53,79
12,21,5,3,55,68,223,2586,1309,1377,92,53,53,10,SSE,23,30,29.26,Cloudy / Windy,32,33,49
12,22,6,4,55,-5,236,2586,420,415,656,49,48,97,SW,21,0,29.27,Cloudy / Windy,19,23,15
12,22,6,4,55,14,245,2586,485,499,730,46,45,96,WNW,21,30,29.36,Light Rain / Windy,57,18,20
12,22,6,3,55,5,232,2586,540,545,772,44,36,73,WNW,29,38,29.42,Mostly Cloudy / Windy,42,24,21
12,22,6,3,55,8,228,2586,685,693,913,45,32,60,W,24,33,29.51,Mostly Cloudy / Windy,31,18,25
12,22,6,4,55,-3,234,2586,685,682,919,45,32,60,W,24,33,29.51,Mostly Cloudy / Windy,31,18,26
12,22,6,4,55,0,244,2586,940,940,1184,44,30,58,WNW,25,38,29.68,Mostly Cloudy / Windy,37,37,38
12,22,6,3,55,-6,235,2586,960,954,1195,44,30,58,WNW,25,32,29.73,Mostly Cloudy / Windy,37,37,34
12,22,6,4,55,-3,231,2586,1030,1027,1261,44,30,58,WNW,20,26,29.78,Cloudy,31,37,28
12,22,6,4,55,26,244,2586,1165,1191,1409,43,29,58,WNW,26,35,29.85,Mostly Cloudy / Windy,48,31,37
12,22,6,3,55,146,225,2586,1230,1376,15,42,27,55,WNW,28,36,29.93,Mostly Cloudy / Windy,24,33,26
12,23,7,4,55,69,236,2586,420,489,656,37,24,59,WNW,10,0,30.15,Mostly Cloudy,55,18,27
12,23,7,4,55,-4,245,2586,485,481,730,37,24,59,WNW,10,0,30.15,Mostly Cloudy,55,18,23
12,23,7,3,55,-13,232,2586,540,527,772,37,24,59,WNW,10,0,30.15,Mostly Cloudy,55,18,32
12,23,7,3,55,1,228,2586,685,686,913,40,25,55,NW,8,0,30.15,Partly Cloudy,33,18,23
12,23,7,4,55,34,234,2586,685,719,919,42,25,51,W,8,0,30.13,Fair,33,18,16
12,23,7,4,55,-2,244,2586,940,938,1184,44,25,47,WNW,3,0,30.11,Partly Cloudy,38,37,27
12,23,7,3,55,-11,235,2586,960,949,1195,44,25,47,WNW,3,0,30.11,Partly Cloudy,38,37,25
12,23,7,4,55,-6,231,2586,1055,1049,1286,39,29,67,WSW,6,0,30.1,Fair,36,35,25
12,23,7,4,55,0,244,2586,1165,1165,1409,43,28,56,W,6,0,30.09,Mostly Cloudy,48,30,46
12,23,7,3,55,-5,225,2586,1230,1225,15,40,28,63,ENE,3,0,30.11,Mostly Cloudy,31,52,32
12,23,7,3,55,-8,223,2586,1309,1301,92,40,28,63,ENE,3,0,30.11,Mostly Cloudy,37,33,23
12,24,1,4,55,-1,236,2586,485,484,721,37,37,10,SSW,3,0,30.05,Mostly Cloudy,48,18,23
12,24,1,3,55,-6,232,2586,540,534,772,38,38,10,SW,9,0,30.07,Light Rain,48,18,14
12,24,1,4,55,-2,236,2586,575,573,811,38,37,97,WSW,9,0,30.07,Light Rain,37,24,26
12,24,1,3,55,-5,228,2586,685,680,913,40,38,93,W,10,0,30.06,Light Rain,31,20,22
12,24,1,4,55,-7,230,2586,685,678,915,40,38,93,W,10,0,30.06,Light Rain,31,20,32
12,24,1,4,55,-2,239,2586,940,938,1179,43,28,56,NW,14,0,30.03,Mostly Cloudy,31,33,28
12,24,1,3,55,13,235,2586,960,973,1195,43,29,58,W,13,0,30.04,Cloudy,26,38,22
12,24,1,4,55,-7,240,2586,1165,1158,1405,41,25,53,W,20,26,30.09,Mostly Cloudy,39,21,18
12,24,1,3,55,-4,225,2586,1230,1226,15,39,26,60,W,16,0,30.09,Mostly Cloudy,23,39,19
12,24,1,3,55,1,223,2586,1309,1310,92,39,26,60,W,16,0,30.09,Mostly Cloudy,25,25,21
12,25,2,4,55,-7,236,2586,485,478,721,34,25,70,W,12,0,30.25,Partly Cloudy,30,21,17
12,25,2,3,55,64,232,2586,540,604,772,39,24,55,NW,20,0,30.29,Partly Cloudy,23,21,22
12,25,2,4,55,-7,236,2586,575,568,811,37,25,62,WNW,10,0,30.28,Partly Cloudy,36,18,15
12,25,2,3,55,-4,228,2586,685,681,913,40,24,53,NW,20,28,30.27,Partly Cloudy,26,19,14
12,25,2,4,55,-1,239,2586,940,939,1179,41,22,47,NW,15,0,30.27,Mostly Cloudy,32,30,13
12,25,2,3,55,-4,235,2586,960,956,1195,40,22,49,W,12,0,30.28,Mostly Cloudy,32,30,18
12,25,2,4,55,-2,240,2586,1165,1163,1405,37,21,52,NW,16,0,30.32,Mostly Cloudy,43,24,27
12,25,2,3,55,45,225,2586,1230,1275,15,37,20,50,NW,17,0,30.34,Mostly Cloudy,29,24,23
12,26,3,4,55,-6,236,2586,420,414,656,34,21,59,WNW,9,0,30.46,Mostly Cloudy,23,24,21
12,26,3,3,55,-5,219,2586,439,434,658,34,21,59,WNW,9,0,30.46,Mostly Cloudy,38,30,15
12,26,3,4,55,-6,245,2586,485,479,730,36,22,57,WNW,8,0,30.48,Mostly Cloudy,38,30,23
12,26,3,3,55,-3,232,2586,540,537,772,38,25,60,W,6,0,30.5,Mostly Cloudy,54,19,20
12,26,3,4,55,11,243,2586,575,586,818,38,25,60,W,6,0,30.5,Mostly Cloudy,44,24,34
12,26,3,3,55,4,228,2586,685,689,913,39,26,60,W,10,0,30.49,Mostly Cloudy,30,19,23
12,26,3,4,55,-8,234,2586,685,677,919,39,26,60,W,10,0,30.49,Mostly Cloudy,30,19,33
12,26,3,4,55,-6,244,2586,940,934,1184,44,25,47,W,8,0,30.44,Partly Cloudy,38,32,38
12,26,3,3,55,-3,235,2586,960,957,1195,43,25,49,WNW,10,0,30.45,Partly Cloudy,38,32,32
12,26,3,4,55,-2,231,2586,1030,1028,1261,40,26,58,W,7,0,30.45,Fair,34,35,18
12,26,3,4,55,4,244,2586,1165,1169,1409,40,27,60,W,9,0,30.47,Fair,47,29,31
12,26,3,3,55,-11,225,2586,1230,1219,15,40,27,60,W,9,0,30.47,Fair,29,52,19
12,26,3,3,55,-1,223,2586,1309,1308,92,39,28,65,W,12,0,30.47,Fair,36,32,31
12,27,4,4,55,-3,236,2586,420,417,656,37,26,65,NNW,10,0,30.59,Fair,24,23,28
12,27,4,4,55,-2,245,2586,485,483,730,38,26,62,N,12,0,30.61,Fair,54,18,32
12,27,4,3,55,-5,232,2586,540,535,772,40,24,53,N,12,0,30.62,Fair,54,18,48
12,27,4,4,55,-5,243,2586,575,570,818,40,24,53,N,12,0,30.62,Fair,43,25,39
12,27,4,3,55,-5,228,2586,685,680,913,42,27,55,N,5,0,30.6,Partly Cloudy,31,22,25
12,27,4,4,55,-4,234,2586,685,681,919,42,27,55,N,5,0,30.6,Partly Cloudy,31,22,31
12,27,4,4,55,19,244,2586,940,959,1184,40,30,68,SE,10,0,30.57,Partly Cloudy,38,34,20
12,27,4,3,55,-6,235,2586,960,954,1195,40,30,68,SE,10,0,30.57,Partly Cloudy,38,34,19
12,27,4,4,55,-1,231,2586,1030,1029,1261,38,30,73,SE,7,0,30.57,Mostly Cloudy,34,35,19
12,27,4,4,55,2,244,2586,1165,1167,1409,38,32,79,ESE,6,0,30.57,Mostly Cloudy,48,30,27
12,27,4,3,55,-8,225,2586,1230,1222,15,38,32,79,ESE,5,0,30.58,Mostly Cloudy,30,50,31
12,27,4,3,55,-8,223,2586,1309,1301,92,38,32,79,ESE,5,0,30.58,Mostly Cloudy,38,33,34
12,28,5,4,55,-1,236,2586,420,419,656,46,46,10,SSE,8,0,30.27,Light Rain,23,24,34
12,28,5,4,55,8,245,2586,485,493,730,47,47,10,SE,10,0,30.22,Rain,54,18,36
12,28,5,3,55,-5,232,2586,540,535,772,50,50,10,SSE,20,24,30.2,Light Rain,54,18,49
12,28,5,4,55,38,243,2586,575,613,818,50,50,10,S,20,25,30.15,Rain,24,23,52
12,28,5,3,55,-4,228,2586,685,681,913,51,51,10,S,21,30,30.08,Rain / Windy,32,19,38
12,28,5,4,55,15,234,2586,685,700,919,51,51,10,S,21,30,30.08,Rain / Windy,32,19,68
12,28,5,4,55,19,244,2586,940,959,1184,52,52,10,S,16,0,29.91,Rain,38,32,51
12,28,5,3,55,-7,235,2586,960,953,1195,52,52,10,S,16,0,29.91,Rain,38,32,50
12,28,5,4,55,15,231,2586,1055,1070,1286,52,52,10,SSW,10,0,29.9,Light Rain,35,35,40
12,28,5,4,55,71,244,2586,1165,1236,1409,52,52,10,SSW,9,0,29.85,Fog,29,52,15
12,28,5,3,55,-3,225,2586,1230,1227,15,52,52,10,SSW,9,0,29.85,Fog,29,52,22
12,28,5,3,55,49,223,2586,1309,1358,92,51,51,10,SSW,9,0,29.82,Fog,30,32,19
12,29,6,4,55,63,236,2586,420,483,656,51,43,74,W,15,0,29.95,Fair,57,17,31
12,29,6,4,55,6,245,2586,485,491,730,51,43,74,W,15,0,29.95,Fair,57,17,29
12,29,6,3,55,49,232,2586,540,589,772,51,41,68,W,16,0,29.97,Partly Cloudy,42,23,23
12,29,6,3,55,0,228,2586,685,685,913,52,38,59,W,17,24,30,Mostly Cloudy,31,18,25
12,29,6,4,55,-10,234,2586,685,675,919,52,38,59,W,17,24,30,Mostly Cloudy,31,18,14
12,29,6,4,55,12,244,2586,940,952,1184,47,30,52,WNW,25,33,30.08,Mostly Cloudy / Windy,37,35,26
12,29,6,3,55,55,235,2586,960,1015,1195,46,29,51,NW,16,0,30.1,Mostly Cloudy,35,34,39
12,29,6,4,55,-4,231,2586,1030,1026,1261,46,29,51,NW,16,0,30.1,Mostly Cloudy,30,37,41
12,29,6,4,55,-1,244,2586,1165,1164,1409,44,29,55,WNW,14,0,30.15,Partly Cloudy,48,30,46
12,29,6,3,55,9,225,2586,1230,1239,15,44,30,58,NW,15,0,30.16,Mostly Cloudy,29,49,35
12,30,7,4,55,-5,240,2586,420,415,660,35,24,64,N,7,0,30.22,Cloudy,26,24,39
12,30,7,4,55,18,245,2586,485,503,730,35,23,61,NNE,10,0,30.24,Cloudy,55,18,16
12,30,7,3,55,-6,232,2586,540,534,772,35,24,64,NE,7,0,30.25,Cloudy,55,18,14
12,30,7,4,55,94,243,2586,575,669,818,35,27,72,VAR,3,0,30.24,Cloudy,34,19,33
12,30,7,3,55,205,228,2586,685,890,913,37,28,70,SE,3,0,30.19,Cloudy,27,45,23
12,30,7,4,55,0,234,2586,685,685,919,35,27,72,VAR,3,0,30.24,Cloudy,34,19,42
12,30,7,4,55,-1,244,2586,940,939,1184,37,30,76,SSE,6,0,30.2,Mostly Cloudy,38,36,33
12,30,7,3,55,-8,235,2586,960,952,1195,37,30,76,ESE,5,0,30.23,Mostly Cloudy,38,36,26