,Date,Departure,Arrival,POI,I/D,Departure_M,Arrival_M
0,0.4,23:45,17:35,Tel Aviv-Yafo,1,1425,1055
1,0.4,23:50,13:50,Accra,1,1430,830
2,0.4,23:59,03:41,San Juan,1,1439,221
3,0.4,00:50,18:20,Tel Aviv-Yafo,1,50,1100
4,0.4,01:00,20:30,Doha,1,60,1230
5,0.4,01:15,03:00,Chicago,0,75,180
6,0.4,01:25,04:15,Taipei,1,85,255
7,0.4,02:05,05:55,Anchorage,0,125,355
8,0.4,02:12,06:41,Panama City,0,132,401
9,0.4,02:20,05:20,Houston,0,140,320
10,0.4,02:30,15:20,Brussels,1,150,920
11,0.4,04:10,07:05,San Salvador,1,250,425
12,0.4,04:35,18:15,Milan,1,275,1095
13,0.4,04:35,17:15,Milan,1,275,1035
14,0.4,04:45,17:33,Frankfurt,1,285,1053
15,0.4,04:45,18:20,Frankfurt,1,285,1100
16,0.4,05:01,08:29,Santiago,1,301,509
17,0.4,05:01,08:39,Santo Domingo,1,301,519
18,0.4,05:40,08:41,Fort Lauderdale,0,340,521
19,0.4,05:55,09:27,Santiago,1,355,567
20,0.4,06:00,09:47,San Juan,1,360,587
21,0.4,06:00,08:33,Atlanta,0,360,513
22,0.4,06:00,09:09,Miami,0,360,549
23,0.4,06:01,08:50,Kingston,1,361,530
24,0.4,06:01,09:47,Port Au Prince,1,361,587
25,0.4,06:14,08:21,Charlotte,0,374,501
26,0.4,06:20,18:25,Leicestershire,1,380,1105
27,0.4,06:29,08:09,Cincinnati,0,389,489
28,0.4,06:45,07:55,Boston,0,405,475
29,0.4,06:55,10:33,Salt Lake City,0,415,633
30,0.4,06:59,10:24,Los Angeles,0,419,624
31,0.4,07:00,10:23,Seattle,0,420,623
32,0.4,07:00,12:40,Georgetown,0,420,760
33,0.4,07:00,12:51,Georgetown,0,420,771
34,0.4,07:00,10:17,Fort Myers,0,420,617
35,0.4,07:01,07:34,Hartford,0,421,454
36,0.4,07:05,10:08,Tampa,0,425,608
37,0.4,07:10,10:33,Seattle,0,430,633
38,0.4,07:10,10:17,Fort Lauderdale,0,430,617
39,0.4,07:10,10:18,Miami,0,430,618
40,0.4,07:15,09:33,Minneapolis,0,435,573
41,0.4,07:19,10:13,Orlando,0,439,613
42,0.4,07:25,10:39,Fort Myers,0,445,639
43,0.4,07:29,11:15,Punta Cana,1,449,675
44,0.4,07:29,10:36,Fort Worth,0,449,636
45,0.4,07:30,10:03,Jacksonville,0,450,603
46,0.4,07:30,10:50,Austin,0,450,650
47,0.4,07:30,11:55,Aruba,1,450,715
48,0.4,07:30,11:08,San Francisco,0,450,668
49,0.4,07:30,10:17,Bogota,1,450,617
50,0.4,07:41,10:50,Cancun,1,461,650
51,0.4,07:45,11:13,San Diego,0,465,673
52,0.4,07:45,11:00,Miami,0,465,660
53,0.4,07:50,10:30,Denver,0,470,630
54,0.4,07:55,11:42,Louisville,0,475,702
55,0.4,07:59,11:56,San Francisco,0,479,716
56,0.4,07:59,11:14,Miami,0,479,674
57,0.4,07:59,11:41,San Francisco,0,479,701
58,0.4,08:00,11:11,Fort Lauderdale,0,480,671
59,0.4,08:00,09:44,Raleigh/Durham,0,480,584
60,0.4,08:00,10:38,Jacksonville,0,480,638
61,0.4,08:00,11:58,Saint Thomas,0,480,718
62,0.4,08:00,11:28,Los Angeles,0,480,688
63,0.4,08:00,19:40,London,1,480,1180
64,0.4,08:00,11:13,Cancun,1,480,673
65,0.4,08:00,11:04,Montego Bay,1,480,664
66,0.4,08:00,11:46,Santo Domingo,1,480,706
67,0.4,08:00,10:55,Montego Bay,1,480,655
68,0.4,08:00,11:50,Santiago,1,480,710
69,0.4,08:01,11:09,San Diego,0,481,669
70,0.4,08:05,11:57,San Juan,1,485,717
71,0.4,08:10,12:16,Punta Cana,1,490,736
72,0.4,08:15,11:35,Los Angeles,0,495,695
73,0.4,08:15,22:21,Leipzig/Halle,1,495,1341
74,0.4,08:20,10:59,Atlanta,0,500,659
75,0.4,08:20,12:00,Anchorage,0,500,720
76,0.4,08:25,11:52,San Jose,0,505,712
77,0.4,08:25,11:10,New Orleans,0,505,670
78,0.4,08:29,12:33,Antigua,1,509,753
79,0.4,08:30,11:32,Orlando,0,510,692
80,0.4,08:30,12:22,Santo Domingo,1,510,742
81,0.4,08:30,10:12,Memphis,0,510,612
82,0.4,08:35,11:40,Las Vegas,0,515,700
83,0.4,08:40,11:44,Sarasota,0,520,704
84,0.4,08:40,13:20,Anchorage,0,520,800
85,0.4,08:46,13:30,Aruba,1,526,810
86,0.4,08:48,11:49,Tampa,0,528,709
87,0.4,09:00,13:15,Antigua,1,540,795
88,0.4,09:00,12:12,Fort Lauderdale,0,540,732
89,0.4,09:00,12:58,San Juan,1,540,778
90,0.4,09:00,11:48,Louisville,0,540,708
91,0.4,09:00,12:08,Los Angeles,0,540,728
92,0.4,09:00,11:15,Charleston,0,540,675
93,0.4,09:00,12:02,West Palm Beach,0,540,722
94,0.4,09:00,13:45,Bogota,1,540,825
95,0.4,09:05,11:51,Phoenix,0,545,711
96,0.4,09:07,12:15,Cancun,1,547,735
97,0.4,09:10,12:10,Montego Bay,1,550,730
98,0.4,09:10,10:57,Raleigh/Durham,0,550,657
99,0.4,09:10,10:55,Memphis,0,550,655
100,0.4,09:15,10:58,Chicago,0,555,658
101,0.4,09:15,12:45,Seoul,1,555,765
102,0.4,09:22,12:50,Mexico City,1,562,770
103,0.4,09:30,10:42,Boston,0,570,642
104,0.4,09:35,12:58,Seattle,0,575,778
105,0.4,09:37,11:50,Detroit,0,577,710
106,0.4,09:40,13:01,Salt Lake City,0,580,781
107,0.4,09:42,12:05,Charleston,0,582,725
108,0.4,09:45,12:24,Atlanta,0,585,744
109,0.4,09:45,12:36,Las Vegas,0,585,756
110,0.4,09:49,13:30,Santiago,1,589,810
111,0.4,09:59,12:10,Charlotte,0,599,730
112,0.4,10:00,13:17,Cancun,1,600,797
113,0.4,10:00,14:35,Medellin,1,600,875
114,0.4,10:01,13:58,Cartagena,1,601,838
115,0.4,10:02,14:34,Aruba,1,602,874
116,0.4,10:15,13:18,Houston,0,615,798
117,0.4,10:17,14:46,Panama City,0,617,886
118,0.4,10:18,13:20,Cancun,1,618,800
119,0.4,10:19,14:10,Port Au Prince,1,619,850
120,0.4,10:25,13:54,Salt Lake City,0,625,834
121,0.4,10:30,12:51,Savannah,0,630,771
122,0.4,10:30,13:11,Vail,0,630,791
123,0.4,10:30,13:32,Tampa,0,630,812
124,0.4,10:32,13:35,Cancun,1,632,815
125,0.4,10:39,11:27,Trenton,0,639,687
126,0.4,10:45,14:26,Santiago,1,645,866
127,0.4,11:00,13:58,West Palm Beach,0,660,838
128,0.4,11:00,14:03,Fort Lauderdale,0,660,843
129,0.4,11:05,14:51,Punta Cana,1,665,891
130,0.4,11:18,14:13,Cancun,1,678,853
131,0.4,11:20,07:50,Dubai,1,680,470
132,0.4,11:28,14:21,Orlando,0,688,861
133,0.4,11:29,14:24,Montego Bay,1,689,864
134,0.4,11:30,14:23,Orlando,0,690,863
135,0.4,11:30,15:08,Puerto Plata,1,690,908
136,0.4,11:31,14:53,Los Angeles,0,691,893
137,0.4,11:45,15:29,Santo Domingo,1,705,929
138,0.4,11:52,14:00,Charlotte,0,712,840
139,0.4,11:56,15:44,Santiago,1,716,944
140,0.4,11:57,15:05,Miami,0,717,905
141,0.4,11:59,14:23,Atlanta,0,719,863
142,0.4,12:00,07:00,Baku,1,720,420
143,0.4,12:00,15:00,Tokyo,0,720,900
144,0.4,12:00,15:14,Miami,0,720,914
145,0.4,12:00,14:12,Cincinnati,0,720,852
146,0.4,12:00,14:19,Cincinnati,0,720,859
147,0.4,12:00,14:34,Beijing,1,720,874
148,0.4,12:00,15:20,Los Angeles,0,720,920
149,0.4,12:00,15:06,Fort Lauderdale,0,720,906
150,0.4,12:00,15:24,Los Angeles,0,720,924
151,0.4,12:10,13:23,Martha's Vineyard,0,730,803
152,0.4,12:15,13:44,Chicago,0,735,824
153,0.4,12:15,13:05,Middletown,0,735,785
154,0.4,12:30,12:00,Delhi,1,750,720
155,0.4,12:30,16:14,Santo Domingo,1,750,974
156,0.4,13:00,05:20,Istanbul,1,780,320
157,0.4,13:00,16:39,Santo Domingo,1,780,999
158,0.4,13:15,16:35,Tokyo,0,795,995
159,0.4,13:30,13:55,Liege,1,810,835
160,0.4,13:35,16:31,Orlando,0,815,991
161,0.4,13:35,16:20,Phoenix,0,815,980
162,0.4,13:45,17:29,San Juan,1,825,1049
163,0.4,13:48,18:45,Bogota,1,828,1125
164,0.4,13:50,17:45,Seoul,1,830,1065
165,0.4,13:55,17:20,Seoul,1,835,1040
166,0.4,14:00,16:29,Denver,0,840,989
167,0.4,14:00,17:04,Tampa,0,840,1024
168,0.4,14:13,16:44,Jacksonville,0,853,1004
169,0.4,14:25,18:05,Santiago,1,865,1085
170,0.4,14:30,17:46,Miami,0,870,1066
171,0.4,14:54,18:12,Fort Lauderdale,0,894,1092
172,0.4,14:55,16:42,Raleigh/Durham,0,895,1002
173,0.4,14:55,16:23,Rochester,0,895,983
174,0.4,14:55,16:30,Buffalo,0,895,990
175,0.4,14:55,16:30,Washington,0,895,990
176,0.4,15:00,18:06,Sun Valley,0,900,1086
177,0.4,15:00,16:15,Syracuse,0,900,975
178,0.4,15:00,17:30,Halifax,1,900,1050
179,0.4,15:05,17:26,Minneapolis,0,905,1046
180,0.4,15:25,18:43,Miami,0,925,1123
181,0.4,15:29,18:34,West Palm Beach,0,929,1114
182,0.4,15:31,21:25,Guayaquil,1,931,1285
183,0.4,15:35,18:34,Orlando,0,935,1114
184,0.4,15:35,18:47,Fort Lauderdale,0,935,1127
185,0.4,15:40,18:45,Orlando,0,940,1125
186,0.4,15:45,18:35,Kingston,1,945,1115
187,0.4,15:45,18:21,Atlanta,0,945,1101
188,0.4,15:47,18:59,Fort Myers,0,947,1139
189,0.4,15:50,21:33,Georgetown,0,950,1293
190,0.4,15:59,19:54,San Juan,1,959,1194
191,0.4,16:00,19:30,Mexico City,1,960,1170
192,0.4,16:00,18:15,Beijing,1,960,1095
193,0.4,16:05,19:27,Fort Myers,0,965,1167
194,0.4,16:05,19:25,Mexico City,1,965,1165
195,0.4,16:10,19:35,Los Angeles,0,970,1175
196,0.4,16:18,19:40,Miami,0,978,1180
197,0.4,16:25,19:25,Shanghai,1,985,1165
198,0.4,16:30,20:11,Santiago,1,990,1211
199,0.4,16:30,19:35,Tampa,0,990,1175
200,0.4,16:30,20:19,Santo Domingo,1,990,1219
201,0.4,16:33,19:50,Miami,0,993,1190
202,0.4,16:39,19:39,Orlando,0,999,1179
203,0.4,16:40,20:15,Los Angeles,0,1000,1215
204,0.4,16:41,19:18,Atlanta,0,1001,1158
205,0.4,16:41,20:16,Salt Lake City,0,1001,1216
206,0.4,16:45,18:03,Boston,0,1005,1083
207,0.4,16:55,20:33,Tokyo,0,1015,1233
208,0.4,16:55,20:20,Tokyo,0,1015,1220
209,0.4,16:59,20:57,San Francisco,0,1019,1257
210,0.4,17:00,20:25,Los Angeles,0,1020,1225
211,0.4,17:10,19:01,Chicago,0,1030,1141
212,0.4,17:15,20:40,Los Angeles,0,1035,1240
213,0.4,17:15,07:30,Rome,0,1035,450
214,0.4,17:15,04:50,Dublin,1,1035,290
215,0.4,17:15,06:50,Amsterdam,1,1035,410
216,0.4,17:20,20:41,Seattle,0,1040,1241
217,0.4,17:30,20:55,Austin,0,1050,1255
218,0.4,17:30,19:44,Detroit,0,1050,1184
219,0.4,17:31,19:46,Charlotte,0,1051,1186
220,0.4,17:35,07:45,Milan,1,1055,465
221,0.4,17:35,05:00,Sao Paulo,1,1055,300
222,0.4,17:45,20:54,Fort Lauderdale,0,1065,1254
223,0.4,17:45,06:55,Paris,1,1065,415
224,0.4,17:54,21:03,Fort Lauderdale,0,1074,1263
225,0.4,17:55,21:37,San Francisco,0,1075,1297
226,0.4,18:00,21:49,San Francisco,0,1080,1309
227,0.4,18:00,21:25,Mexico City,1,1080,1285
228,0.4,18:15,21:15,Tokyo,0,1095,1275
229,0.4,18:20,06:20,London,1,1100,380
230,0.4,18:30,21:51,Los Angeles,0,1110,1311
231,0.4,18:30,08:00,Paris,1,1110,480
232,0.4,18:30,11:00,Cairo,1,1110,660
233,0.4,18:30,21:44,Portland,0,1110,1304
234,0.4,18:30,07:45,Amsterdam,1,1110,465
235,0.4,18:30,06:30,London,1,1110,390
236,0.4,18:45,22:35,San Francisco,0,1125,1355
237,0.4,18:45,21:15,Atlanta,0,1125,1275
238,0.4,18:55,21:24,Savannah,0,1135,1284
239,0.4,18:55,22:46,San Juan,1,1135,1366
240,0.4,18:59,22:51,San Juan,1,1139,1371
241,0.4,18:59,22:08,San Salvador,1,1139,1328
242,0.4,19:00,22:34,Los Angeles,0,1140,1354
243,0.4,19:00,20:35,Rockford,0,1140,1235
244,0.4,19:00,11:27,Istanbul,1,1140,687
245,0.4,19:15,22:11,Lakeland,0,1155,1331
246,0.4,19:25,23:29,San Francisco,0,1165,1409
247,0.4,19:29,22:51,Miami,0,1169,1371
248,0.4,19:30,07:10,Dakar,1,1170,430
249,0.4,19:30,07:35,London,1,1170,455
250,0.4,19:30,09:10,Paris,1,1170,550
251,0.4,19:30,22:24,Orlando,0,1170,1344
252,0.4,19:33,09:15,Madrid,1,1173,555
253,0.4,19:40,21:20,Washington,0,1180,1280
254,0.4,19:45,21:44,Raleigh/Durham,0,1185,1304
255,0.4,19:50,22:34,Phoenix,0,1190,1354
256,0.4,19:59,23:08,Las Vegas,0,1199,1388
257,0.4,19:59,21:30,Burlington,0,1199,1290
258,0.4,19:59,23:24,Miami,0,1199,1404
259,0.4,19:59,23:22,Fort Lauderdale,0,1199,1402
260,0.4,19:59,21:34,Rochester,0,1199,1294
261,0.4,20:00,23:49,Santiago,1,1200,1429
262,0.4,20:00,20:42,Westchester County,0,1200,1242
263,0.4,20:10,23:10,Orlando,0,1210,1390
264,0.4,20:10,08:20,London,1,1210,500
265,0.4,20:15,22:25,Atlanta,0,1215,1345
266,0.4,20:30,10:15,Paris,1,1230,615
267,0.4,20:30,01:24,Bogota,1,1230,84
268,0.4,20:30,09:45,Paris,1,1230,585
269,0.4,20:35,00:27,Santo Domingo,1,1235,27
270,0.4,20:35,08:16,London,1,1235,496
271,0.4,20:40,10:00,Madrid,1,1240,600
272,0.4,20:40,08:30,Casablanca,1,1240,510
273,0.4,20:45,11:35,Helsinki,1,1245,695
274,0.4,20:55,00:18,Los Angeles,0,1255,18
275,0.4,20:55,16:25,Doha,1,1255,985
276,0.4,20:59,22:36,Buffalo,0,1259,1356
277,0.4,20:59,22:18,Syracuse,0,1259,1338
278,0.4,21:00,22:17,Boston,0,1260,1337
279,0.4,21:00,22:22,Syracuse,0,1260,1342
280,0.4,21:00,22:33,Buffalo,0,1260,1353
281,0.4,21:05,17:50,Abu Dhabi,1,1265,1070
282,0.4,21:05,10:55,Zurich,1,1265,655
283,0.4,21:15,11:35,Lome,1,1275,695
284,0.4,21:29,22:49,Boston,0,1289,1369
285,0.4,21:35,09:40,London,1,1295,580
286,0.4,21:40,23:25,Chicago,0,1300,1405
287,0.4,21:42,09:15,Dublin,1,1302,555
288,0.4,21:55,09:50,Buenos Aires,1,1315,590
289,0.4,21:55,23:38,Memphis,0,1315,1418
290,0.4,22:00,09:36,London,1,1320,576
291,0.4,22:00,00:51,Phoenix,0,1320,51
292,0.4,22:15,12:45,Warsaw,1,1335,765
293,0.4,22:30,02:10,Santiago,1,1350,130
294,0.4,22:30,00:30,Chicago,0,1350,30
295,0.4,22:30,05:20,Singapore,1,1350,320
296,0.4,22:35,11:29,Frankfurt,1,1355,689
297,0.4,22:35,12:05,Frankfurt,1,1355,725
298,0.4,22:37,23:55,Rockford,0,1357,1435
299,0.4,22:43,00:26,Memphis,0,1363,26
300,0.4,22:46,09:40,Sao Paulo,1,1366,580
301,0.4,22:47,00:47,Indianapolis,0,1367,47
302,0.4,22:50,00:52,Louisville,0,1370,52
303,0.4,23:00,19:45,Dubai,1,1380,1185
304,0.4,23:00,09:15,Sao Paulo,1,1380,555
305,0.4,23:00,02:41,Santo Domingo,1,1380,161
306,0.4,23:05,16:31,Rota,1,1385,991
307,0.4,23:05,23:39,Philadelphia,0,1385,1419
308,0.4,23:10,00:58,Cincinnati,0,1390,58
309,0.4,23:20,02:43,Mexico City,1,1400,163
310,0.4,23:20,16:00,Istanbul,1,1400,960
311,0.4,23:30,00:43,Hamilton,1,1410,43
312,1.4,08:40,13:20,Anchorage,0,520,800
313,1.4,23:05,16:31,Rota,1,1385,991
314,1.4,23:20,16:00,Istanbul,1,1400,960
315,1.4,23:20,02:43,Mexico City,1,1400,163
316,1.4,23:45,17:35,Tel Aviv-Yafo,1,1425,1055
317,1.4,23:50,13:50,Accra,1,1430,830
318,1.4,23:59,03:41,San Juan,1,1439,221
319,1.4,00:25,04:20,Hong Kong,1,25,260
320,1.4,00:30,18:00,Tel Aviv-Yafo,1,30,1080
321,1.4,01:00,20:30,Doha,1,60,1230
322,1.4,01:25,05:15,Taipei,1,85,315
323,1.4,02:10,07:00,Bogota,1,130,420
324,1.4,02:12,06:41,Panama City,0,132,401
325,1.4,03:01,14:48,Shannon,0,181,888
326,1.4,04:00,08:15,Mexico City,1,240,495
327,1.4,04:10,07:05,San Salvador,1,250,425
328,1.4,04:15,07:07,Anchorage,0,255,427
329,1.4,04:35,18:15,Milan,1,275,1095
330,1.4,04:40,08:13,Anchorage,0,280,493
331,1.4,05:01,08:29,Santiago,1,301,509
332,1.4,05:01,08:38,Santo Domingo,1,301,518
333,1.4,05:40,08:41,Fort Lauderdale,0,340,521
334,1.4,05:55,09:27,Santiago,1,355,567
335,1.4,06:00,09:47,San Juan,1,360,587
336,1.4,06:00,08:33,Atlanta,0,360,513
337,1.4,06:00,09:09,Miami,0,360,549
338,1.4,06:01,09:46,Port Au Prince,1,361,586
339,1.4,06:01,08:50,Kingston,1,361,530
340,1.4,06:14,08:21,Charlotte,0,374,501
341,1.4,06:20,18:25,Leicestershire,1,380,1105
342,1.4,06:29,08:17,Cincinnati,0,389,497
343,1.4,06:45,07:54,Boston,0,405,474
344,1.4,06:55,10:33,Salt Lake City,0,415,633
345,1.4,06:59,10:24,Los Angeles,0,419,624
346,1.4,07:00,10:17,Fort Myers,0,420,617
347,1.4,07:00,12:51,Georgetown,0,420,771
348,1.4,07:05,10:08,Tampa,0,425,608
349,1.4,07:10,10:33,Seattle,0,430,633
350,1.4,07:10,09:43,Jacksonville,0,430,583
351,1.4,07:10,10:18,Miami,0,430,618
352,1.4,07:10,10:17,Fort Lauderdale,0,430,617
353,1.4,07:15,09:33,Minneapolis,0,435,573
354,1.4,07:15,09:47,Atlanta,0,435,587
355,1.4,07:19,10:13,Orlando,0,439,613
356,1.4,07:20,10:34,Los Angeles,0,440,634
357,1.4,07:20,20:35,Luxembourg,1,440,1235
358,1.4,07:25,10:34,Fort Myers,0,445,634
359,1.4,07:29,10:06,Fort Worth,0,449,606
360,1.4,07:30,10:50,Austin,0,450,650
361,1.4,07:30,11:08,San Francisco,0,450,668
362,1.4,07:30,11:55,Aruba,1,450,715
363,1.4,07:35,11:05,Seoul,1,455,665
364,1.4,07:41,10:50,Cancun,1,461,650
365,1.4,07:45,11:00,Miami,0,465,660
366,1.4,07:45,11:13,San Diego,0,465,673
367,1.4,07:46,12:30,Aruba,1,466,750
368,1.4,07:49,11:05,Liberia,1,469,665
369,1.4,07:50,10:30,Denver,0,470,630
370,1.4,07:53,11:38,Punta Cana,1,473,698
371,1.4,07:55,09:49,Louisville,0,475,589
372,1.4,07:59,11:38,San Francisco,0,479,698
373,1.4,07:59,11:56,San Francisco,0,479,716
374,1.4,08:00,10:35,Jacksonville,0,480,635
375,1.4,08:00,11:23,Liberia,1,480,683
376,1.4,08:00,11:07,Fort Lauderdale,0,480,667
377,1.4,08:00,10:10,Charleston,0,480,610
378,1.4,08:00,11:04,Montego Bay,1,480,664
379,1.4,08:00,11:43,Santo Domingo,1,480,703
380,1.4,08:00,09:43,Raleigh/Durham,0,480,583
381,1.4,08:00,11:28,Los Angeles,0,480,688
382,1.4,08:00,11:09,Miami,0,480,669
383,1.4,08:00,11:58,Saint Thomas,0,480,718
384,1.4,08:00,11:13,Cancun,1,480,673
385,1.4,08:00,11:50,Santiago,1,480,710
386,1.4,08:01,11:09,San Diego,0,481,669
387,1.4,08:05,11:11,Dallas,0,485,671
388,1.4,08:05,10:59,Montego Bay,1,485,659
389,1.4,08:05,11:57,San Juan,1,485,717
390,1.4,08:10,12:16,Punta Cana,1,490,736
391,1.4,08:15,20:00,London,1,495,1200
392,1.4,08:15,11:33,San Jose Cabo,1,495,693
393,1.4,08:15,22:36,Leipzig/Halle,1,495,1356
394,1.4,08:20,10:59,Atlanta,0,500,659
395,1.4,08:25,11:10,New Orleans,0,505,670
396,1.4,08:25,12:26,Sint Maarten,1,505,746
397,1.4,08:30,11:29,Tampa,0,510,689
398,1.4,08:30,10:21,Memphis,0,510,621
399,1.4,08:30,11:49,Austin,0,510,709
400,1.4,08:30,12:22,Santo Domingo,1,510,742
401,1.4,08:30,11:30,Orlando,0,510,690
402,1.4,08:35,11:40,Las Vegas,0,515,700
403,1.4,08:40,11:44,Sarasota,0,520,704
404,1.4,08:42,12:30,Providenciales,1,522,750
405,1.4,08:45,12:55,Sint Maarten,1,525,775
406,1.4,09:00,13:15,Antigua,1,540,795
407,1.4,09:00,12:56,San Juan,1,540,776
408,1.4,09:00,12:01,West Palm Beach,0,540,721
409,1.4,09:00,12:08,Los Angeles,0,540,728
410,1.4,09:00,11:40,Orlando,0,540,700
411,1.4,09:00,11:04,Louisville,0,540,664
412,1.4,09:00,12:09,Palm Springs,0,540,729
413,1.4,09:00,10:45,Chicago,0,540,645
414,1.4,09:00,13:31,Saint Lucia,1,540,811
415,1.4,09:00,12:23,Seattle,0,540,743
416,1.4,09:05,12:30,Los Angeles,0,545,750
417,1.4,09:05,11:01,Detroit,0,545,661
418,1.4,09:05,11:51,Phoenix,0,545,711
419,1.4,09:07,12:15,Cancun,1,547,735
420,1.4,09:10,10:52,Memphis,0,550,652
421,1.4,09:10,10:57,Raleigh/Durham,0,550,657
422,1.4,09:10,12:10,Montego Bay,1,550,730
423,1.4,09:15,10:58,Chicago,0,555,658
424,1.4,09:29,12:50,Nassau,0,569,770
425,1.4,09:30,10:42,Boston,0,570,642
426,1.4,09:30,09:39,Newark,0,570,579
427,1.4,09:35,12:58,Seattle,0,575,778
428,1.4,09:37,11:50,Detroit,0,577,710
429,1.4,09:40,13:01,Salt Lake City,0,580,781
430,1.4,09:42,12:05,Charleston,0,582,725
431,1.4,09:45,12:22,Atlanta,0,585,742
432,1.4,09:45,12:34,Las Vegas,0,585,754
433,1.4,09:49,13:27,Santiago,1,589,807
434,1.4,09:59,13:25,Key West,0,599,805
435,1.4,09:59,12:10,Charlotte,0,599,730
436,1.4,09:59,11:31,Nashville,0,599,691
437,1.4,10:00,15:25,Honolulu,0,600,925
438,1.4,10:00,11:27,Rochester,0,600,687
439,1.4,10:00,13:09,Fort Lauderdale,0,600,789
440,1.4,10:00,13:17,Cancun,1,600,797
441,1.4,10:05,11:35,Buffalo,0,605,695
442,1.4,10:10,11:24,Syracuse,0,610,684
443,1.4,10:15,13:18,Houston,0,615,798
444,1.4,10:17,14:46,Panama City,0,617,886
445,1.4,10:18,14:50,Aruba,1,618,890
446,1.4,10:18,13:20,Cancun,1,618,800
447,1.4,10:25,13:54,Salt Lake City,0,625,834
448,1.4,10:30,13:32,Tampa,0,630,812
449,1.4,10:30,13:11,Vail,0,630,791
450,1.4,10:30,12:51,Savannah,0,630,771
451,1.4,10:32,13:27,West Palm Beach,0,632,807
452,1.4,10:35,13:35,Cancun,1,635,815
453,1.4,10:41,11:57,Rochester,0,641,717
454,1.4,10:45,14:26,Santiago,1,645,866
455,1.4,11:00,14:03,Fort Lauderdale,0,660,843
456,1.4,11:05,14:35,Mexico City,1,665,875
457,1.4,11:05,14:21,Seattle,0,665,861
458,1.4,11:18,14:13,Cancun,1,678,853
459,1.4,11:20,23:20,Liege,1,680,1400
460,1.4,11:20,07:50,Dubai,1,680,470
461,1.4,11:28,14:21,Orlando,0,688,861
462,1.4,11:30,14:21,Orlando,0,690,861
463,1.4,11:30,13:04,Detroit,0,690,784
464,1.4,11:31,14:53,Los Angeles,0,691,893
465,1.4,11:45,15:29,Santo Domingo,1,705,929
466,1.4,11:52,14:00,Charlotte,0,712,840
467,1.4,11:55,13:40,Raleigh/Durham,0,715,820
468,1.4,11:56,15:44,Santiago,1,716,944
469,1.4,11:57,15:05,Miami,0,717,905
470,1.4,11:59,14:25,Atlanta,0,719,865
471,1.4,12:00,15:40,San Francisco,0,720,940
472,1.4,12:00,15:05,Fort Lauderdale,0,720,905
473,1.4,12:00,15:20,Los Angeles,0,720,920
474,1.4,12:00,15:27,Providenciales,1,720,927
475,1.4,12:00,15:08,Miami,0,720,908
476,1.4,12:00,13:58,Beijing,1,720,838
477,1.4,12:00,15:24,Los Angeles,0,720,924
478,1.4,12:10,13:23,Martha's Vineyard,0,730,803
479,1.4,12:18,15:17,Cancun,1,738,917
480,1.4,12:30,16:12,Santo Domingo,1,750,972
481,1.4,12:40,15:40,Halifax,1,760,940
482,1.4,13:00,05:20,Istanbul,1,780,320
483,1.4,13:00,16:39,Santo Domingo,1,780,999
484,1.4,13:05,15:13,Detroit,0,785,913
485,1.4,13:15,16:35,Tokyo,0,795,995
486,1.4,13:35,16:27,Orlando,0,815,987
487,1.4,13:35,16:20,Phoenix,0,815,980
488,1.4,13:45,17:29,San Juan,1,825,1049
489,1.4,13:45,18:45,Bogota,1,825,1125
490,1.4,13:50,17:45,Seoul,1,830,1065
491,1.4,13:52,16:10,Charleston,0,832,970
492,1.4,13:55,17:20,Seoul,1,835,1040
493,1.4,13:57,15:12,Burlington,0,837,912
494,1.4,14:00,16:29,Denver,0,840,989
495,1.4,14:00,17:04,Tampa,0,840,1024
496,1.4,14:10,18:26,Saint Vincent,1,850,1106
497,1.4,14:13,16:44,Jacksonville,0,853,1004
498,1.4,14:25,18:02,Santiago,1,865,1082
499,1.4,14:26,16:46,Savannah,0,866,1006
500,1.4,14:30,17:46,Miami,0,870,1066
501,1.4,14:30,22:00,Panama City,0,870,1320
502,1.4,14:35,17:05,New Orleans,0,875,1025
503,1.4,14:54,18:06,Fort Lauderdale,0,894,1086
504,1.4,14:55,16:42,Raleigh/Durham,0,895,1002
505,1.4,14:55,16:30,Washington,0,895,990
506,1.4,14:55,16:30,Buffalo,0,895,990
507,1.4,14:55,16:23,Rochester,0,895,983
508,1.4,14:57,19:58,Antigua,1,897,1198
509,1.4,15:00,16:15,Syracuse,0,900,975
510,1.4,15:00,16:54,Chicago,0,900,1014
511,1.4,15:05,17:26,Minneapolis,0,905,1046
512,1.4,15:10,18:17,Sarasota,0,910,1097
513,1.4,15:25,18:43,Miami,0,925,1123
514,1.4,15:29,18:33,West Palm Beach,0,929,1113
515,1.4,15:35,18:34,Orlando,0,935,1114
516,1.4,15:35,18:47,Fort Lauderdale,0,935,1127
517,1.4,15:40,18:42,Orlando,0,940,1122
518,1.4,15:45,18:21,Atlanta,0,945,1101
519,1.4,15:45,05:45,Frankfurt,1,945,345
520,1.4,15:47,18:59,Fort Myers,0,947,1139
521,1.4,15:55,18:59,Las Vegas,0,955,1139
522,1.4,15:59,18:50,New Orleans,0,959,1130
523,1.4,15:59,19:54,San Juan,1,959,1194
524,1.4,16:00,18:37,Jacksonville,0,960,1117
525,1.4,16:00,17:30,Hudson,1,960,1050
526,1.4,16:05,19:27,Fort Myers,0,965,1167
527,1.4,16:05,19:25,Mexico City,1,965,1165
528,1.4,16:10,19:35,Los Angeles,0,970,1175
529,1.4,16:18,19:40,Miami,0,978,1180
530,1.4,16:20,20:10,Mexico City,1,980,1210
531,1.4,16:25,19:25,Shanghai,1,985,1165
532,1.4,16:30,20:17,Santo Domingo,1,990,1217
533,1.4,16:30,20:09,Santiago,1,990,1209
534,1.4,16:30,19:31,Tampa,0,990,1171
535,1.4,16:30,19:29,Beijing,1,990,1169
536,1.4,16:33,19:44,Miami,0,993,1184
537,1.4,16:39,19:39,Orlando,0,999,1179
538,1.4,16:40,20:15,Los Angeles,0,1000,1215
539,1.4,16:41,20:16,Salt Lake City,0,1001,1216
540,1.4,16:41,19:17,Atlanta,0,1001,1157
541,1.4,16:45,18:03,Boston,0,1005,1083
542,1.4,16:59,20:57,San Francisco,0,1019,1257
543,1.4,17:10,20:47,San Francisco,0,1030,1247
544,1.4,17:10,19:01,Chicago,0,1030,1141
545,1.4,17:15,20:40,Los Angeles,0,1035,1240
546,1.4,17:15,04:50,Dublin,1,1035,290
547,1.4,17:15,22:55,Georgetown,0,1035,1375
548,1.4,17:20,20:41,Seattle,0,1040,1241
549,1.4,17:20,06:50,Amsterdam,1,1040,410
550,1.4,17:30,19:44,Detroit,0,1050,1184
551,1.4,17:30,20:55,Austin,0,1050,1255
552,1.4,17:31,19:46,Charlotte,0,1051,1186
553,1.4,17:45,20:54,Fort Lauderdale,0,1065,1254
554,1.4,17:45,06:55,Paris,1,1065,415
555,1.4,17:54,21:03,Fort Lauderdale,0,1074,1263
556,1.4,17:55,21:37,San Francisco,0,1075,1297
557,1.4,17:55,21:35,Seoul,1,1075,1295
558,1.4,18:00,21:49,San Francisco,0,1080,1309
559,1.4,18:00,21:45,Mexico City,1,1080,1305
560,1.4,18:15,22:40,Anchorage,0,1095,1360
561,1.4,18:15,21:15,Tokyo,0,1095,1275
562,1.4,18:20,06:20,London,1,1100,380
563,1.4,18:24,21:58,Salt Lake City,0,1104,1318
564,1.4,18:30,08:00,Paris,1,1110,480
565,1.4,18:30,21:44,Portland,0,1110,1304
566,1.4,18:30,19:51,Boston,0,1110,1191
567,1.4,18:30,11:00,Cairo,1,1110,660
568,1.4,18:30,21:51,Los Angeles,0,1110,1311
569,1.4,18:30,07:45,Amsterdam,1,1110,465
570,1.4,18:45,22:35,San Francisco,0,1125,1355
571,1.4,18:45,21:35,Las Vegas,0,1125,1295
572,1.4,18:45,21:15,Atlanta,0,1125,1275
573,1.4,18:51,21:39,Phoenix,0,1131,1299
574,1.4,18:55,22:46,San Juan,1,1135,1366
575,1.4,18:55,21:24,Savannah,0,1135,1284
576,1.4,18:59,22:51,San Juan,1,1139,1371
577,1.4,18:59,22:54,Santo Domingo,1,1139,1374
578,1.4,18:59,22:08,San Salvador,1,1139,1328
579,1.4,19:00,22:29,Los Angeles,0,1140,1349
580,1.4,19:00,22:34,Los Angeles,0,1140,1354
581,1.4,19:00,07:10,London,1,1140,430
582,1.4,19:00,20:13,Rockford,0,1140,1213
583,1.4,19:00,09:28,Warsaw,1,1140,568
584,1.4,19:10,22:38,Los Angeles,0,1150,1358
585,1.4,19:15,21:37,Lakeland,0,1155,1297
586,1.4,19:25,23:29,San Francisco,0,1165,1409
587,1.4,19:29,22:51,Miami,0,1169,1371
588,1.4,19:30,09:10,Paris,1,1170,550
589,1.4,19:30,22:24,Orlando,0,1170,1344
590,1.4,19:30,13:00,Tel Aviv-Yafo,1,1170,780
591,1.4,19:30,07:10,Dakar,1,1170,430
592,1.4,19:30,08:35,Zurich,1,1170,515
593,1.4,19:40,21:20,Washington,0,1180,1280
594,1.4,19:45,10:35,Rome,0,1185,635
595,1.4,19:45,22:46,Albuquerque,0,1185,1366
596,1.4,19:45,21:44,Raleigh/Durham,0,1185,1304
597,1.4,19:45,23:48,Santiago,1,1185,1428
598,1.4,19:50,22:34,Phoenix,0,1190,1354
599,1.4,19:55,10:45,Belgrade,0,1195,645
600,1.4,19:59,23:22,Fort Lauderdale,0,1199,1402
601,1.4,19:59,22:30,Charleston,0,1199,1350
602,1.4,19:59,21:30,Burlington,0,1199,1290
603,1.4,19:59,22:46,Jacksonville,0,1199,1366
604,1.4,19:59,23:17,Miami,0,1199,1397
605,1.4,19:59,23:08,Las Vegas,0,1199,1388
606,1.4,19:59,21:34,Rochester,0,1199,1294
607,1.4,20:00,08:10,London,1,1200,490
608,1.4,20:00,23:46,Santiago,1,1200,1426
609,1.4,20:10,23:10,Orlando,0,1210,1390
610,1.4,20:10,08:20,London,1,1210,500
611,1.4,20:15,22:19,Atlanta,0,1215,1339
612,1.4,20:20,09:15,Luxembourg,1,1220,555
613,1.4,20:30,01:24,Bogota,1,1230,84
614,1.4,20:30,09:45,Paris,1,1230,585
615,1.4,20:30,10:15,Paris,1,1230,615
616,1.4,20:30,08:11,London,1,1230,491
617,1.4,20:35,00:26,Santo Domingo,1,1235,26
618,1.4,20:40,08:30,Casablanca,1,1240,510
619,1.4,20:55,00:18,Los Angeles,0,1255,18
620,1.4,20:55,16:25,Doha,1,1255,985
621,1.4,20:59,22:36,Buffalo,0,1259,1356
622,1.4,20:59,22:18,Syracuse,0,1259,1338
623,1.4,21:00,22:16,Boston,0,1260,1336
624,1.4,21:00,22:31,Buffalo,0,1260,1351
625,1.4,21:00,22:18,Syracuse,0,1260,1338
626,1.4,21:05,17:50,Abu Dhabi,1,1265,1070
627,1.4,21:05,10:55,Zurich,1,1265,655
628,1.4,21:29,22:49,Boston,0,1289,1369
629,1.4,21:35,09:40,London,1,1295,580
630,1.4,21:55,23:20,Memphis,0,1315,1400
631,1.4,22:00,09:37,London,1,1320,577
632,1.4,22:00,11:20,Amsterdam,1,1320,680
633,1.4,22:00,23:45,Toronto,1,1320,1425
634,1.4,22:30,05:20,Singapore,1,1350,320
635,1.4,22:30,02:09,Santiago,1,1350,129
636,1.4,22:30,00:27,Phoenix,0,1350,27
637,1.4,22:35,11:23,Frankfurt,1,1355,683
638,1.4,22:35,12:05,Frankfurt,1,1355,725
639,1.4,22:37,23:55,Rockford,0,1357,1435
640,1.4,22:43,00:18,Memphis,0,1363,18
641,1.4,22:45,12:30,Brussels,1,1365,750
642,1.4,22:47,01:42,Indianapolis,0,1367,102
643,1.4,22:50,00:52,Louisville,0,1370,52
644,1.4,23:00,19:45,Dubai,1,1380,1185
645,1.4,23:00,02:41,Santo Domingo,1,1380,161
646,1.4,23:00,09:15,Sao Paulo,1,1380,555
647,1.4,23:05,23:55,Philadelphia,0,1385,1435
648,1.4,23:10,00:51,Cincinnati,0,1390,51
649,1.4,23:20,06:05,Lima,1,1400,365
650,1.4,23:30,00:43,Hamilton,1,1410,43
651,1.4,23:47,17:35,Tel Aviv-Yafo,1,1427,1055
652,1.4,23:55,13:50,Accra,1,1435,830
653,1.4,23:59,03:41,Aguadilla,0,1439,221
654,2.4,22:47,01:42,Indianapolis,0,1367,102
655,2.4,23:47,17:35,Tel Aviv-Yafo,1,1427,1055
656,2.4,23:55,13:50,Accra,1,1435,830
657,2.4,23:59,03:41,Aguadilla,0,1439,221
658,2.4,23:59,03:41,San Juan,1,1439,221
659,2.4,01:00,20:30,Doha,1,60,1230
660,2.4,01:25,05:15,Taipei,1,85,315
661,2.4,01:48,05:09,Guadalajara,1,108,309
662,2.4,02:10,07:00,Bogota,1,130,420
663,2.4,02:12,06:41,Panama City,0,132,401
664,2.4,04:10,07:05,San Salvador,1,250,425
665,2.4,04:35,18:15,Milan,1,275,1095
666,2.4,04:45,16:41,Brandon,1,285,1001
667,2.4,04:50,20:35,Cairo,1,290,1235
668,2.4,05:01,08:29,Santiago,1,301,509
669,2.4,05:01,08:38,Santo Domingo,1,301,518
670,2.4,05:05,08:12,Miami,0,305,492
671,2.4,05:35,08:36,Fort Lauderdale,0,335,516
672,2.4,05:55,09:27,Santiago,1,355,567
673,2.4,06:00,09:21,Los Angeles,0,360,561
674,2.4,06:00,08:33,Atlanta,0,360,513
675,2.4,06:00,09:00,Cancun,1,360,540
676,2.4,06:00,09:47,San Juan,1,360,587
677,2.4,08:40,13:20,Anchorage,0,520,800
678,2.4,06:01,09:46,Port Au Prince,1,361,586
679,2.4,06:01,08:50,Kingston,1,361,530
680,2.4,06:20,18:25,Leicestershire,1,380,1105
681,2.4,06:29,07:59,Cincinnati,0,389,479
682,2.4,06:30,09:30,Miami,0,390,570
683,2.4,06:45,07:54,Boston,0,405,474
684,2.4,06:50,10:39,Saint Thomas,0,410,639
685,2.4,06:55,10:33,Salt Lake City,0,415,633
686,2.4,06:59,10:24,Los Angeles,0,419,624
687,2.4,07:00,10:04,Fort Lauderdale,0,420,604
688,2.4,07:00,12:40,Georgetown,0,420,760
689,2.4,07:00,12:51,Georgetown,0,420,771
690,2.4,07:00,10:17,Fort Myers,0,420,617
691,2.4,07:05,10:08,Tampa,0,425,608
692,2.4,07:10,10:18,Miami,0,430,618
693,2.4,07:10,09:43,Jacksonville,0,430,583
694,2.4,07:10,10:17,Fort Lauderdale,0,430,617
695,2.4,07:10,10:33,Seattle,0,430,633
696,2.4,07:15,09:33,Minneapolis,0,435,573
697,2.4,07:15,20:15,Liege,1,435,1215
698,2.4,07:19,10:13,Orlando,0,439,613
699,2.4,07:20,10:34,Los Angeles,0,440,634
700,2.4,07:25,10:34,Fort Myers,0,445,634
701,2.4,07:30,11:08,San Francisco,0,450,668
702,2.4,07:30,11:55,Aruba,1,450,715
703,2.4,07:30,10:50,Austin,0,450,650
704,2.4,07:41,10:50,Cancun,1,461,650
705,2.4,07:45,11:13,San Diego,0,465,673
706,2.4,07:46,12:30,Aruba,1,466,750
707,2.4,07:50,10:30,Denver,0,470,630
708,2.4,07:53,11:38,Punta Cana,1,473,698
709,2.4,07:59,11:08,Miami,0,479,668
710,2.4,07:59,09:53,Fort Worth,0,479,593
711,2.4,07:59,11:56,San Francisco,0,479,716
712,2.4,07:59,11:38,San Francisco,0,479,698
713,2.4,08:00,11:43,Santo Domingo,1,480,703
714,2.4,08:00,09:43,Raleigh/Durham,0,480,583
715,2.4,08:00,11:05,Bermuda,1,480,665
716,2.4,08:00,11:50,Santiago,1,480,710
717,2.4,08:00,11:58,Saint Thomas,0,480,718
718,2.4,08:00,11:28,Los Angeles,0,480,688
719,2.4,08:00,11:23,Los Angeles,0,480,683
720,2.4,08:00,11:07,Fort Lauderdale,0,480,667
721,2.4,08:00,10:35,Jacksonville,0,480,635
722,2.4,08:01,11:09,San Diego,0,481,669
723,2.4,08:05,11:57,San Juan,1,485,717
724,2.4,08:05,10:59,Montego Bay,1,485,659
725,2.4,08:05,11:11,Dallas,0,485,671
726,2.4,08:10,12:16,Punta Cana,1,490,736
727,2.4,08:15,22:07,Leipzig/Halle,1,495,1327
728,2.4,08:15,19:44,London,1,495,1184
729,2.4,08:20,12:18,Punta Cana,1,500,738
730,2.4,08:20,10:59,Atlanta,0,500,659
731,2.4,08:20,11:47,San Jose,0,500,707
732,2.4,08:25,11:10,New Orleans,0,505,670
733,2.4,08:30,12:28,Saint Thomas,0,510,748
734,2.4,08:30,11:29,Tampa,0,510,689
735,2.4,08:30,11:49,Austin,0,510,709
736,2.4,08:30,12:22,Santo Domingo,1,510,742
737,2.4,08:30,11:38,Montego Bay,1,510,698
738,2.4,08:30,11:30,Orlando,0,510,690
739,2.4,08:30,09:57,Memphis,0,510,597
740,2.4,08:35,11:40,Las Vegas,0,515,700
741,2.4,08:36,11:45,Bermuda,1,516,705
742,2.4,08:40,11:44,Sarasota,0,520,704
743,2.4,08:42,12:30,Providenciales,1,522,750
744,2.4,08:45,12:55,Sint Maarten,1,525,775
745,2.4,08:55,10:59,Louisville,0,535,659
746,2.4,09:00,10:45,Chicago,0,540,645
747,2.4,09:00,13:15,Antigua,1,540,795
748,2.4,09:00,13:31,Saint Lucia,1,540,811
749,2.4,09:00,12:23,Seattle,0,540,743
750,2.4,09:00,11:12,Charleston,0,540,672
751,2.4,09:00,12:01,West Palm Beach,0,540,721
752,2.4,09:00,12:56,San Juan,1,540,776
753,2.4,09:00,11:50,Kingston,1,540,710
754,2.4,09:05,12:30,Los Angeles,0,545,750
755,2.4,09:05,11:01,Detroit,0,545,661
756,2.4,09:07,12:15,Cancun,1,547,735
757,2.4,09:10,10:57,Raleigh/Durham,0,550,657
758,2.4,09:10,10:39,Memphis,0,550,639
759,2.4,09:10,12:10,Montego Bay,1,550,730
760,2.4,09:15,10:58,Chicago,0,555,658
761,2.4,09:15,12:45,Seoul,1,555,765
762,2.4,09:20,12:02,Phoenix,0,560,722
763,2.4,09:29,12:50,Nassau,0,569,770
764,2.4,09:30,10:42,Boston,0,570,642
765,2.4,09:30,12:30,Fort Lauderdale,0,570,750
766,2.4,09:35,12:52,San Jose Cabo,1,575,772
767,2.4,09:35,12:58,Seattle,0,575,778
768,2.4,09:37,11:50,Detroit,0,577,710
769,2.4,09:40,13:01,Salt Lake City,0,580,781
770,2.4,09:42,12:05,Charleston,0,582,725
771,2.4,09:45,12:22,Atlanta,0,585,742
772,2.4,09:45,12:34,Las Vegas,0,585,754
773,2.4,09:45,11:15,Buffalo,0,585,675
774,2.4,09:49,13:27,Santiago,1,589,807
775,2.4,09:50,11:04,Syracuse,0,590,664
776,2.4,09:55,11:22,Rochester,0,595,682
777,2.4,09:59,13:25,Key West,0,599,805
778,2.4,10:00,11:25,Charlottesville,0,600,685
779,2.4,10:00,13:55,Hong Kong,1,600,835
780,2.4,10:00,13:20,Cancun,1,600,800
781,2.4,10:00,15:40,Guayaquil,1,600,940
782,2.4,10:15,13:18,Houston,0,615,798
783,2.4,10:17,14:46,Panama City,0,617,886
784,2.4,10:18,14:50,Aruba,1,618,890
785,2.4,10:18,13:20,Cancun,1,618,800
786,2.4,10:25,13:54,Salt Lake City,0,625,834
787,2.4,10:30,13:32,Tampa,0,630,812
788,2.4,10:30,11:54,Charlottesville,0,630,714
789,2.4,10:30,13:11,Vail,0,630,791
790,2.4,10:30,12:51,Savannah,0,630,771
791,2.4,10:30,13:36,Miami,0,630,816
792,2.4,10:32,13:27,West Palm Beach,0,632,807
793,2.4,10:41,11:57,Rochester,0,641,717
794,2.4,10:45,14:05,Anchorage,0,645,845
795,2.4,10:45,14:26,Santiago,1,645,866
796,2.4,11:00,14:18,Los Angeles,0,660,858
797,2.4,11:00,14:03,Fort Lauderdale,0,660,843
798,2.4,11:05,14:35,Mexico City,1,665,875
799,2.4,11:05,14:21,Seattle,0,665,861
800,2.4,11:18,14:13,Cancun,1,678,853
801,2.4,11:20,07:50,Dubai,1,680,470
802,2.4,11:28,14:21,Orlando,0,688,861
803,2.4,11:30,15:03,Puerto Plata,1,690,903
804,2.4,11:30,14:21,Orlando,0,690,861
805,2.4,11:31,14:53,Los Angeles,0,691,893
806,2.4,11:40,12:33,Philadelphia,0,700,753
807,2.4,11:41,13:49,Charlotte,0,701,829
808,2.4,11:45,15:29,Santo Domingo,1,705,929
809,2.4,11:55,13:40,Raleigh/Durham,0,715,820
810,2.4,11:56,15:44,Santiago,1,716,944
811,2.4,11:57,15:05,Miami,0,717,905
812,2.4,11:59,14:25,Atlanta,0,719,865
813,2.4,12:00,15:20,Los Angeles,0,720,920
814,2.4,12:00,15:40,San Francisco,0,720,940
815,2.4,12:00,15:05,Fort Lauderdale,0,720,905
816,2.4,12:00,15:08,Miami,0,720,908
817,2.4,12:10,13:23,Martha's Vineyard,0,730,803
818,2.4,12:18,15:17,Cancun,1,738,917
819,2.4,12:25,14:21,Houston,0,745,861
820,2.4,12:30,12:00,Delhi,1,750,720
821,2.4,12:30,16:12,Santo Domingo,1,750,972
822,2.4,12:55,15:25,Halifax,1,775,925
823,2.4,13:00,05:20,Istanbul,1,780,320
824,2.4,13:00,14:40,Beijing,1,780,880
825,2.4,13:00,16:39,Santo Domingo,1,780,999
826,2.4,13:05,15:13,Detroit,0,785,913
827,2.4,13:15,16:35,Tokyo,0,795,995
828,2.4,13:30,16:33,Miami,0,810,993
829,2.4,13:30,15:10,Tel Aviv-Yafo,1,810,910
830,2.4,13:35,16:27,Orlando,0,815,987
831,2.4,13:45,17:29,San Juan,1,825,1049
832,2.4,13:45,18:45,Bogota,1,825,1125
833,2.4,13:52,16:10,Charleston,0,832,970
834,2.4,13:55,17:20,Seoul,1,835,1040
835,2.4,14:00,17:19,Los Angeles,0,840,1039
836,2.4,14:00,16:29,Denver,0,840,989
837,2.4,14:13,16:44,Jacksonville,0,853,1004
838,2.4,14:25,18:02,Santiago,1,865,1082
839,2.4,14:26,16:46,Savannah,0,866,1006
840,2.4,14:35,17:05,New Orleans,0,875,1025
841,2.4,14:54,18:06,Fort Lauderdale,0,894,1086
842,2.4,14:55,16:30,Washington,0,895,990
843,2.4,14:55,16:30,Buffalo,0,895,990
844,2.4,14:55,16:23,Rochester,0,895,983
845,2.4,14:55,16:42,Raleigh/Durham,0,895,1002
846,2.4,15:00,16:15,Syracuse,0,900,975
847,2.4,15:05,17:26,Minneapolis,0,905,1046
848,2.4,15:10,18:17,Sarasota,0,910,1097
849,2.4,15:15,17:29,Charleston,0,915,1049
850,2.4,15:25,18:43,Miami,0,925,1123
851,2.4,15:29,18:33,West Palm Beach,0,929,1113
852,2.4,15:31,21:18,Guayaquil,1,931,1278
853,2.4,15:35,18:47,Fort Lauderdale,0,935,1127
854,2.4,15:35,18:34,Orlando,0,935,1114
855,2.4,15:40,18:42,Orlando,0,940,1122
856,2.4,15:45,18:49,Tampa,0,945,1129
857,2.4,15:45,18:22,Atlanta,0,945,1102
858,2.4,15:45,05:45,Frankfurt,1,945,345
859,2.4,15:47,18:59,Fort Myers,0,947,1139
860,2.4,15:50,21:27,Georgetown,0,950,1287
861,2.4,15:55,18:59,Las Vegas,0,955,1139
862,2.4,15:59,19:54,San Juan,1,959,1194
863,2.4,15:59,18:50,New Orleans,0,959,1130
864,2.4,16:00,18:37,Jacksonville,0,960,1117
865,2.4,16:00,17:14,Philadelphia,0,960,1034
866,2.4,16:00,19:55,Seoul,1,960,1195
867,2.4,16:05,19:27,Fort Myers,0,965,1167
868,2.4,16:10,19:35,Los Angeles,0,970,1175
869,2.4,16:20,20:10,Mexico City,1,980,1210
870,2.4,16:30,19:31,Tampa,0,990,1171
871,2.4,16:30,19:17,Beijing,1,990,1157
872,2.4,16:30,20:09,Santiago,1,990,1209
873,2.4,16:30,20:17,Santo Domingo,1,990,1217
874,2.4,16:33,19:44,Miami,0,993,1184
875,2.4,16:39,19:39,Orlando,0,999,1179
876,2.4,16:40,20:15,Los Angeles,0,1000,1215
877,2.4,16:41,19:17,Atlanta,0,1001,1157
878,2.4,16:41,20:16,Salt Lake City,0,1001,1216
879,2.4,16:45,18:03,Boston,0,1005,1083
880,2.4,16:55,20:20,Tokyo,0,1015,1220
881,2.4,16:55,20:19,Tokyo,0,1015,1219
882,2.4,16:59,20:57,San Francisco,0,1019,1257
883,2.4,17:00,20:20,Miami,0,1020,1220
884,2.4,17:00,07:35,Rome,0,1020,455
885,2.4,17:00,20:30,Los Angeles,0,1020,1230
886,2.4,17:00,20:31,Sacramento,0,1020,1231
887,2.4,17:09,19:57,Sarasota,0,1029,1197
888,2.4,17:10,19:01,Chicago,0,1030,1141
889,2.4,17:10,20:47,San Francisco,0,1030,1247
890,2.4,17:15,20:40,Los Angeles,0,1035,1240
891,2.4,17:15,04:50,Dublin,1,1035,290
892,2.4,17:20,20:41,Seattle,0,1040,1241
893,2.4,17:20,06:50,Amsterdam,1,1040,410
894,2.4,17:30,21:19,San Francisco,0,1050,1279
895,2.4,17:30,19:45,Charlotte,0,1050,1185
896,2.4,17:30,19:44,Detroit,0,1050,1184
897,2.4,17:30,20:55,Austin,0,1050,1255
898,2.4,17:35,07:45,Milan,1,1055,465
899,2.4,17:35,06:55,Paris,1,1055,415
900,2.4,17:45,18:27,Teterboro,0,1065,1107
901,2.4,17:45,20:54,Fort Lauderdale,0,1065,1254
902,2.4,17:45,21:04,Seoul,1,1065,1264
903,2.4,17:54,20:45,Phoenix,0,1074,1245
904,2.4,17:54,21:03,Fort Lauderdale,0,1074,1263
905,2.4,17:55,21:37,San Francisco,0,1075,1297
906,2.4,17:55,21:17,San Jose,0,1075,1277
907,2.4,17:59,21:08,Palm Springs,0,1079,1268
908,2.4,18:00,21:45,Mexico City,1,1080,1305
909,2.4,18:00,07:10,Madrid,1,1080,430
910,2.4,18:00,21:14,Fort Lauderdale,0,1080,1274
911,2.4,18:00,21:32,Los Angeles,0,1080,1292
912,2.4,18:10,06:20,London,1,1090,380
913,2.4,18:15,21:15,Tokyo,0,1095,1275
914,2.4,18:24,21:58,Salt Lake City,0,1104,1318
915,2.4,18:30,19:51,Boston,0,1110,1191
916,2.4,18:30,06:30,London,1,1110,390
917,2.4,18:30,21:48,Miami,0,1110,1308
918,2.4,18:30,07:45,Amsterdam,1,1110,465
919,2.4,18:30,21:44,Portland,0,1110,1304
920,2.4,18:30,08:00,Paris,1,1110,480
921,2.4,18:30,11:00,Cairo,1,1110,660
922,2.4,18:45,21:15,Atlanta,0,1125,1275
923,2.4,18:45,22:35,San Francisco,0,1125,1355
924,2.4,18:51,21:39,Phoenix,0,1131,1299
925,2.4,18:54,22:05,Fort Lauderdale,0,1134,1325
926,2.4,18:55,21:24,Savannah,0,1135,1284
927,2.4,18:55,22:46,San Juan,1,1135,1366
928,2.4,18:59,22:54,Santo Domingo,1,1139,1374
929,2.4,18:59,22:51,San Juan,1,1139,1371
930,2.4,18:59,22:08,San Salvador,1,1139,1328
931,2.4,19:00,07:10,London,1,1140,430
932,2.4,19:00,22:29,Los Angeles,0,1140,1349
933,2.4,19:00,22:34,Los Angeles,0,1140,1354
934,2.4,19:10,22:38,Los Angeles,0,1150,1358
935,2.4,19:10,09:05,Milan,1,1150,545
936,2.4,19:15,21:20,Lakeland,0,1155,1280
937,2.4,19:20,11:45,Moscow,1,1160,705
938,2.4,19:20,22:39,Austin,0,1160,1359
939,2.4,19:25,20:20,Rockford,0,1165,1220
940,2.4,19:25,23:29,San Francisco,0,1165,1409
941,2.4,19:29,22:51,Miami,0,1169,1371
942,2.4,19:30,07:10,Dakar,1,1170,430
943,2.4,19:30,09:10,Paris,1,1170,550
944,2.4,19:30,22:24,Orlando,0,1170,1344
945,2.4,19:33,09:15,Madrid,1,1173,555
946,2.4,19:40,21:20,Washington,0,1180,1280
947,2.4,19:45,21:44,Raleigh/Durham,0,1185,1304
948,2.4,19:45,23:48,Santiago,1,1185,1428
949,2.4,19:50,22:34,Phoenix,0,1190,1354
950,2.4,19:59,21:30,Burlington,0,1199,1290
951,2.4,19:59,23:17,Miami,0,1199,1397
952,2.4,19:59,22:30,Charleston,0,1199,1350
953,2.4,19:59,23:22,Fort Lauderdale,0,1199,1402
954,2.4,19:59,21:34,Rochester,0,1199,1294
955,2.4,19:59,23:08,Las Vegas,0,1199,1388
956,2.4,19:59,22:46,Jacksonville,0,1199,1366
957,2.4,20:00,08:10,London,1,1200,490
958,2.4,20:00,23:46,Santiago,1,1200,1426
959,2.4,20:10,23:10,Orlando,0,1210,1390
960,2.4,20:10,08:20,London,1,1210,500
961,2.4,20:30,01:24,Bogota,1,1230,84
962,2.4,20:30,10:15,Paris,1,1230,615
963,2.4,20:30,09:45,Paris,1,1230,585
964,2.4,20:35,00:26,Santo Domingo,1,1235,26
965,2.4,20:55,00:18,Los Angeles,0,1255,18
966,2.4,20:55,16:25,Doha,1,1255,985
967,2.4,20:59,22:36,Buffalo,0,1259,1356
968,2.4,20:59,22:18,Syracuse,0,1259,1338
969,2.4,21:00,22:18,Syracuse,0,1260,1338
970,2.4,21:00,22:16,Boston,0,1260,1336
971,2.4,21:00,22:31,Buffalo,0,1260,1351
972,2.4,21:05,10:55,Zurich,1,1265,655
973,2.4,21:05,17:50,Abu Dhabi,1,1265,1070
974,2.4,21:10,10:30,Madrid,1,1270,630
975,2.4,21:29,22:49,Boston,0,1289,1369
976,2.4,21:35,09:40,London,1,1295,580
977,2.4,21:40,15:20,Amman,1,1300,920
978,2.4,21:42,09:15,Dublin,1,1302,555
979,2.4,21:55,09:50,Buenos Aires,1,1315,590
980,2.4,22:00,09:24,London,1,1320,564
981,2.4,22:00,22:42,Westchester County,0,1320,1362
982,2.4,22:00,10:05,London,1,1320,605
983,2.4,22:00,11:20,Amsterdam,1,1320,680
984,2.4,22:15,12:45,Warsaw,1,1335,765
985,2.4,22:15,10:30,London,1,1335,630
986,2.4,22:25,09:15,Sao Paulo,1,1345,555
987,2.4,22:30,00:03,Phoenix,0,1350,3
988,2.4,22:30,02:09,Santiago,1,1350,129
989,2.4,22:30,05:20,Singapore,1,1350,320
990,2.4,22:32,00:00,Memphis,0,1352,0
991,2.4,22:35,12:05,Frankfurt,1,1355,725
992,2.4,22:35,11:20,Frankfurt,1,1355,680
993,2.4,22:46,09:40,Sao Paulo,1,1366,580
994,2.4,22:50,00:52,Louisville,0,1370,52
995,2.4,23:00,19:45,Dubai,1,1380,1185
996,2.4,23:00,02:41,Santo Domingo,1,1380,161
997,2.4,23:20,06:05,Lima,1,1400,365
998,2.4,23:20,16:00,Istanbul,1,1400,960
999,2.4,23:30,01:28,Hamilton,1,1410,88
1000,2.4,23:40,01:03,Cincinnati,0,1420,63
1001,2.4,23:50,14:40,Helsinki,1,1430,880
1002,2.4,00:00,00:50,Chicago,0,0,50
1003,3.4,12:55,15:25,Halifax,1,775,925
1004,3.4,23:30,01:28,Hamilton,1,1410,88
1005,3.4,23:55,13:50,Accra,1,1435,830
1006,3.4,23:59,03:41,Aguadilla,0,1439,221
1007,3.4,23:59,03:41,San Juan,1,1439,221
1008,3.4,00:00,00:50,Chicago,0,0,50
1009,3.4,00:10,01:55,Chicago,0,10,115
1010,3.4,01:00,20:30,Doha,1,60,1230
1011,3.4,01:05,04:26,Anchorage,0,65,266
1012,3.4,01:25,05:15,Taipei,1,85,315
1013,3.4,01:48,05:16,Guadalajara,1,108,316
1014,3.4,02:12,06:41,Panama City,0,132,401
1015,3.4,02:30,15:20,Brussels,1,150,920
1016,3.4,03:00,21:10,Istanbul,1,180,1270
1017,3.4,04:00,08:30,Anchorage,0,240,510
1018,3.4,04:10,07:05,San Salvador,1,250,425
1019,3.4,04:15,07:07,Anchorage,0,255,427
1020,3.4,04:35,18:15,Milan,1,275,1095
1021,3.4,05:01,08:38,Santo Domingo,1,301,518
1022,3.4,05:01,08:29,Santiago,1,301,509
1023,3.4,05:05,08:12,Miami,0,305,492
1024,3.4,05:35,08:36,Fort Lauderdale,0,335,516
1025,3.4,05:40,08:35,San Salvador,1,340,515
1026,3.4,05:45,09:31,San Juan,1,345,571
1027,3.4,05:55,09:27,Santiago,1,355,567
1028,3.4,06:00,08:48,Phoenix,0,360,528
1029,3.4,06:00,08:33,Atlanta,0,360,513
1030,3.4,06:00,09:21,Los Angeles,0,360,561
1031,3.4,06:00,09:00,Cancun,1,360,540
1032,3.4,06:00,08:05,Charlotte,0,360,485
1033,3.4,08:40,13:20,Anchorage,0,520,800
1034,3.4,06:01,08:50,Kingston,1,361,530
1035,3.4,06:01,09:46,Port Au Prince,1,361,586
1036,3.4,06:14,08:03,Cincinnati,0,374,483
1037,3.4,06:30,09:30,Miami,0,390,570
1038,3.4,06:33,09:27,Jackson,0,393,567
1039,3.4,06:45,07:54,Boston,0,405,474
1040,3.4,06:45,10:34,Saint Thomas,0,405,634
1041,3.4,06:55,10:33,Salt Lake City,0,415,633
1042,3.4,07:00,12:51,Georgetown,0,420,771
1043,3.4,07:00,10:17,Fort Myers,0,420,617
1044,3.4,07:00,10:04,Fort Lauderdale,0,420,604
1045,3.4,07:00,08:17,Boston,0,420,497
1046,3.4,07:05,10:08,Tampa,0,425,608
1047,3.4,07:10,10:33,Seattle,0,430,633
1048,3.4,07:10,09:43,Jacksonville,0,430,583
1049,3.4,07:10,10:04,Orlando,0,430,604
1050,3.4,07:10,10:17,Fort Lauderdale,0,430,617
1051,3.4,07:10,10:18,Miami,0,430,618
1052,3.4,07:15,09:33,Minneapolis,0,435,573
1053,3.4,07:25,10:34,Fort Myers,0,445,634
1054,3.4,07:30,10:50,Austin,0,450,650
1055,3.4,07:30,11:55,Aruba,1,450,715
1056,3.4,07:30,11:08,San Francisco,0,450,668
1057,3.4,07:38,10:53,Liberia,1,458,653
1058,3.4,07:41,10:50,Cancun,1,461,650
1059,3.4,07:44,10:04,Fort Worth,0,464,604
1060,3.4,07:45,11:13,San Diego,0,465,673
1061,3.4,07:46,12:30,Aruba,1,466,750
1062,3.4,07:50,10:30,Denver,0,470,630
1063,3.4,07:53,11:38,Punta Cana,1,473,698
1064,3.4,07:59,11:56,San Francisco,0,479,716
1065,3.4,07:59,11:08,Miami,0,479,668
1066,3.4,08:00,11:43,Santo Domingo,1,480,703
1067,3.4,08:00,11:07,Fort Lauderdale,0,480,667
1068,3.4,08:00,11:28,Los Angeles,0,480,688
1069,3.4,08:00,11:23,Los Angeles,0,480,683
1070,3.4,08:00,10:35,Jacksonville,0,480,635
1071,3.4,08:00,11:58,Saint Thomas,0,480,718
1072,3.4,08:00,11:58,Sint Maarten,1,480,718
1073,3.4,08:00,11:50,Santiago,1,480,710
1074,3.4,08:00,12:38,St. George's,1,480,758
1075,3.4,08:00,10:42,Orlando,0,480,642
1076,3.4,08:00,11:09,Miami,0,480,669
1077,3.4,08:00,11:23,Liberia,1,480,683
1078,3.4,08:05,11:11,Dallas,0,485,671
1079,3.4,08:05,11:57,San Juan,1,485,717
1080,3.4,08:05,11:13,San Diego,0,485,673
1081,3.4,08:10,12:16,Punta Cana,1,490,736
1082,3.4,08:15,11:35,Los Angeles,0,495,695
1083,3.4,08:15,19:38,London,1,495,1178
1084,3.4,08:20,10:59,Atlanta,0,500,659
1085,3.4,08:20,12:00,Anchorage,0,500,720
1086,3.4,08:20,12:18,Punta Cana,1,500,738
1087,3.4,08:25,11:10,New Orleans,0,505,670
1088,3.4,08:25,09:49,Memphis,0,505,589
1089,3.4,08:29,12:33,Antigua,1,509,753
1090,3.4,08:29,11:28,Tampa,0,509,688
1091,3.4,08:30,09:30,Westchester County,0,510,570
1092,3.4,08:30,11:30,Orlando,0,510,690
1093,3.4,08:30,11:38,Montego Bay,1,510,698
1094,3.4,08:30,12:22,Santo Domingo,1,510,742
1095,3.4,08:30,12:28,Saint Thomas,0,510,748
1096,3.4,08:35,11:40,Las Vegas,0,515,700
1097,3.4,08:35,13:10,Antigua,1,515,790
1098,3.4,08:42,12:30,Providenciales,1,522,750
1099,3.4,08:45,12:55,Sint Maarten,1,525,775
1100,3.4,08:50,13:35,Bridgetown,1,530,815
1101,3.4,08:55,10:45,Chicago,0,535,645
1102,3.4,08:59,12:10,Cancun,1,539,730
1103,3.4,08:59,12:55,San Juan,1,539,775
1104,3.4,09:00,10:26,Memphis,0,540,626
1105,3.4,09:00,11:12,Charleston,0,540,672
1106,3.4,09:00,12:08,Los Angeles,0,540,728
1107,3.4,09:00,12:01,West Palm Beach,0,540,721
1108,3.4,09:00,13:45,Bogota,1,540,825
1109,3.4,09:00,13:15,Antigua,1,540,795
1110,3.4,09:00,12:41,San Francisco,0,540,761
1111,3.4,09:00,13:31,Saint Lucia,1,540,811
1112,3.4,09:00,12:04,Sarasota,0,540,724
1113,3.4,09:05,11:01,Detroit,0,545,661
1114,3.4,09:10,10:57,Raleigh/Durham,0,550,657
1115,3.4,09:10,12:10,Montego Bay,1,550,730
1116,3.4,09:14,12:43,Anchorage,0,554,763
1117,3.4,09:15,10:58,Chicago,0,555,658
1118,3.4,09:20,12:04,Phoenix,0,560,724
1119,3.4,09:22,12:50,Mexico City,1,562,770
1120,3.4,09:29,12:50,Nassau,0,569,770
1121,3.4,09:30,10:42,Boston,0,570,642
1122,3.4,09:30,12:30,Fort Lauderdale,0,570,750
1123,3.4,09:35,12:55,Seattle,0,575,775
1124,3.4,09:35,12:52,San Jose Cabo,1,575,772
1125,3.4,09:37,11:50,Detroit,0,577,710
1126,3.4,09:40,12:52,Fort Myers,0,580,772
1127,3.4,09:40,13:01,Salt Lake City,0,580,781
1128,3.4,09:42,12:05,Charleston,0,582,725
1129,3.4,09:45,12:34,Las Vegas,0,585,754
1130,3.4,09:45,11:16,Nashville,0,585,676
1131,3.4,09:45,12:22,Atlanta,0,585,742
1132,3.4,09:58,13:57,Cartagena,1,598,837
1133,3.4,09:58,14:30,Aruba,1,598,870
1134,3.4,09:59,13:25,Key West,0,599,805
1135,3.4,10:00,15:25,Honolulu,0,600,925
1136,3.4,10:00,12:37,Jacksonville,0,600,757
1137,3.4,10:00,13:20,Cancun,1,600,800
1138,3.4,10:00,14:35,Medellin,1,600,875
1139,3.4,10:00,14:43,Bridgetown,1,600,883
1140,3.4,10:17,14:46,Panama City,0,617,886
1141,3.4,10:18,13:20,Cancun,1,618,800
1142,3.4,10:25,13:54,Salt Lake City,0,625,834
1143,3.4,10:30,13:32,Tampa,0,630,812
1144,3.4,10:30,12:51,Savannah,0,630,771
1145,3.4,10:30,13:21,Orlando,0,630,801
1146,3.4,10:30,13:11,Vail,0,630,791
1147,3.4,10:30,13:36,Miami,0,630,816
1148,3.4,10:32,13:27,West Palm Beach,0,632,807
1149,3.4,10:41,11:57,Rochester,0,641,717
1150,3.4,10:45,14:26,Santiago,1,645,866
1151,3.4,10:55,15:22,Curacao,1,655,922
1152,3.4,11:00,14:03,Fort Lauderdale,0,660,843
1153,3.4,11:00,14:18,Los Angeles,0,660,858
1154,3.4,11:00,14:02,Nassau,0,660,842
1155,3.4,11:05,14:35,Mexico City,1,665,875
1156,3.4,11:06,15:34,Aruba,1,666,934
1157,3.4,11:18,14:13,Cancun,1,678,853
1158,3.4,11:20,07:50,Dubai,1,680,470
1159,3.4,11:28,14:21,Orlando,0,688,861
1160,3.4,11:30,14:21,Orlando,0,690,861
1161,3.4,11:30,15:03,Puerto Plata,1,690,903
1162,3.4,11:41,13:49,Charlotte,0,701,829
1163,3.4,11:45,15:29,Santo Domingo,1,705,929
1164,3.4,11:50,15:20,Seoul,1,710,920
1165,3.4,11:56,15:44,Santiago,1,716,944
1166,3.4,11:57,15:05,Miami,0,717,905
1167,3.4,11:59,14:25,Atlanta,0,719,865
1168,3.4,12:00,15:05,Fort Lauderdale,0,720,905
1169,3.4,12:00,15:08,Miami,0,720,908
1170,3.4,12:00,15:20,Los Angeles,0,720,920
1171,3.4,12:10,13:23,Martha's Vineyard,0,730,803
1172,3.4,12:20,15:14,Greensboro,0,740,914
1173,3.4,12:30,13:51,Martha's Vineyard,0,750,831
1174,3.4,12:30,13:48,Charlottesville,0,750,828
1175,3.4,12:30,16:12,Santo Domingo,1,750,972
1176,3.4,13:00,05:20,Istanbul,1,780,320
1177,3.4,13:00,16:39,Santo Domingo,1,780,999
1178,3.4,13:05,15:13,Detroit,0,785,913
1179,3.4,13:15,16:35,Tokyo,0,795,995
1180,3.4,13:30,16:33,Miami,0,810,993
1181,3.4,13:35,16:27,Orlando,0,815,987
1182,3.4,13:45,17:29,San Juan,1,825,1049
1183,3.4,13:45,18:45,Bogota,1,825,1125
1184,3.4,13:50,17:45,Seoul,1,830,1065
1185,3.4,13:52,16:10,Charleston,0,832,970
1186,3.4,13:55,17:20,Seoul,1,835,1040
1187,3.4,14:00,06:05,Moscow,1,840,365
1188,3.4,14:00,17:04,Tampa,0,840,1024
1189,3.4,14:00,17:19,Los Angeles,0,840,1039
1190,3.4,14:00,16:29,Denver,0,840,989
1191,3.4,14:03,16:58,Montego Bay,1,843,1018
1192,3.4,14:13,16:44,Jacksonville,0,853,1004
1193,3.4,14:26,16:46,Savannah,0,866,1006
1194,3.4,14:30,18:14,San Francisco,0,870,1094
1195,3.4,14:30,18:07,Santiago,1,870,1087
1196,3.4,14:50,16:54,Cincinnati,0,890,1014
1197,3.4,14:54,18:06,Fort Lauderdale,0,894,1086
1198,3.4,14:55,16:42,Raleigh/Durham,0,895,1002
1199,3.4,14:55,16:30,Washington,0,895,990
1200,3.4,14:55,16:30,Buffalo,0,895,990
1201,3.4,14:55,16:23,Rochester,0,895,983
1202,3.4,15:00,16:15,Syracuse,0,900,975
1203,3.4,15:05,17:26,Minneapolis,0,905,1046
1204,3.4,15:21,18:22,Orlando,0,921,1102
1205,3.4,15:25,18:43,Miami,0,925,1123
1206,3.4,15:31,21:18,Guayaquil,1,931,1278
1207,3.4,15:35,18:47,Fort Lauderdale,0,935,1127
1208,3.4,15:35,03:40,Leicestershire,1,935,220
1209,3.4,15:40,18:42,Orlando,0,940,1122
1210,3.4,15:45,18:21,Atlanta,0,945,1101
1211,3.4,15:45,05:45,Frankfurt,1,945,345
1212,3.4,15:45,17:18,Bedford/Hanscom,0,945,1038
1213,3.4,15:45,18:35,Kingston,1,945,1115
1214,3.4,15:45,16:38,Bedford/Hanscom,0,945,998
1215,3.4,15:47,18:59,Fort Myers,0,947,1139
1216,3.4,15:59,19:54,San Juan,1,959,1194
1217,3.4,15:59,18:50,New Orleans,0,959,1130
1218,3.4,16:00,18:20,Charleston,0,960,1100
1219,3.4,16:00,19:05,West Palm Beach,0,960,1145
1220,3.4,16:05,19:27,Fort Myers,0,965,1167
1221,3.4,16:05,19:25,Mexico City,1,965,1165
1222,3.4,16:10,19:35,Los Angeles,0,970,1175
1223,3.4,16:20,20:10,Mexico City,1,980,1210
1224,3.4,16:25,19:25,Shanghai,1,985,1165
1225,3.4,16:30,20:09,Santiago,1,990,1209
1226,3.4,16:30,17:13,New Bedford,0,990,1033
1227,3.4,16:30,18:25,Beijing,1,990,1105
1228,3.4,16:30,19:31,Tampa,0,990,1171
1229,3.4,16:30,19:12,Austin,0,990,1152
1230,3.4,16:30,20:17,Santo Domingo,1,990,1217
1231,3.4,16:33,19:44,Miami,0,993,1184
1232,3.4,16:39,19:39,Orlando,0,999,1179
1233,3.4,16:41,20:16,Salt Lake City,0,1001,1216
1234,3.4,17:00,20:20,Miami,0,1020,1220
1235,3.4,17:00,20:30,Los Angeles,0,1020,1230
1236,3.4,17:10,20:47,San Francisco,0,1030,1247
1237,3.4,17:10,19:01,Chicago,0,1030,1141
1238,3.4,17:15,04:50,Dublin,1,1035,290
1239,3.4,17:15,20:40,Los Angeles,0,1035,1240
1240,3.4,17:15,22:55,Georgetown,0,1035,1375
1241,3.4,17:20,06:50,Amsterdam,1,1040,410
1242,3.4,17:20,20:41,Seattle,0,1040,1241
1243,3.4,17:30,19:44,Detroit,0,1050,1184
1244,3.4,17:30,20:55,Austin,0,1050,1255
1245,3.4,17:30,19:45,Charlotte,0,1050,1185
1246,3.4,17:35,06:55,Paris,1,1055,415
1247,3.4,17:45,20:54,Fort Lauderdale,0,1065,1254
1248,3.4,17:54,21:03,Fort Lauderdale,0,1074,1263
1249,3.4,17:54,20:45,Phoenix,0,1074,1245
1250,3.4,17:55,05:20,Sao Paulo,1,1075,320
1251,3.4,17:55,21:37,San Francisco,0,1075,1297
1252,3.4,18:00,21:14,Fort Lauderdale,0,1080,1274
1253,3.4,18:00,21:32,Los Angeles,0,1080,1292
1254,3.4,18:00,21:45,Mexico City,1,1080,1305
1255,3.4,18:10,06:20,London,1,1090,380
1256,3.4,18:15,21:15,Tokyo,0,1095,1275
1257,3.4,18:20,19:45,Chicago,0,1100,1185
1258,3.4,18:25,08:20,Milan,1,1105,500
1259,3.4,18:30,08:00,Paris,1,1110,480
1260,3.4,18:30,19:51,Boston,0,1110,1191
1261,3.4,18:30,06:30,London,1,1110,390
1262,3.4,18:30,07:45,Amsterdam,1,1110,465
1263,3.4,18:30,11:00,Cairo,1,1110,660
1264,3.4,18:30,21:48,Miami,0,1110,1308
1265,3.4,18:35,22:06,Nagoya,1,1115,1326
1266,3.4,18:45,22:35,San Francisco,0,1125,1355
1267,3.4,18:45,21:35,Las Vegas,0,1125,1295
1268,3.4,18:55,21:24,Savannah,0,1135,1284
1269,3.4,18:55,22:46,San Juan,1,1135,1366
1270,3.4,18:59,22:51,San Juan,1,1139,1371
1271,3.4,18:59,22:54,Santo Domingo,1,1139,1374
1272,3.4,18:59,22:08,San Salvador,1,1139,1328
1273,3.4,19:00,22:29,Los Angeles,0,1140,1349
1274,3.4,19:00,07:10,London,1,1140,430
1275,3.4,19:00,22:34,Los Angeles,0,1140,1354
1276,3.4,19:00,21:19,Boca Raton,0,1140,1279
1277,3.4,19:10,22:38,Los Angeles,0,1150,1358
1278,3.4,19:15,21:30,Jacksonville,0,1155,1290
1279,3.4,19:15,21:34,Lakeland,0,1155,1294
1280,3.4,19:20,22:39,Austin,0,1160,1359
1281,3.4,19:20,11:45,Moscow,1,1160,705
1282,3.4,19:25,23:29,San Francisco,0,1165,1409
1283,3.4,19:25,20:26,Rockford,0,1165,1226
1284,3.4,19:29,22:51,Miami,0,1169,1371
1285,3.4,19:30,22:00,Halifax,1,1170,1320
1286,3.4,19:30,22:24,Orlando,0,1170,1344
1287,3.4,19:30,09:10,Paris,1,1170,550
1288,3.4,19:30,21:30,Toronto,1,1170,1290
1289,3.4,19:30,07:10,Dakar,1,1170,430
1290,3.4,19:33,09:15,Madrid,1,1173,555
1291,3.4,19:40,21:20,Washington,0,1180,1280
1292,3.4,19:45,21:44,Raleigh/Durham,0,1185,1304
1293,3.4,19:45,23:48,Santiago,1,1185,1428
1294,3.4,19:45,10:35,Rome,0,1185,635
1295,3.4,19:50,22:34,Phoenix,0,1190,1354
1296,3.4,19:55,10:45,Belgrade,0,1195,645
1297,3.4,19:59,22:46,Jacksonville,0,1199,1366
1298,3.4,19:59,23:08,Las Vegas,0,1199,1388
1299,3.4,19:59,22:30,Charleston,0,1199,1350
1300,3.4,19:59,21:34,Rochester,0,1199,1294
1301,3.4,19:59,21:30,Burlington,0,1199,1290
1302,3.4,19:59,23:17,Miami,0,1199,1397
1303,3.4,19:59,23:22,Fort Lauderdale,0,1199,1402
1304,3.4,20:00,23:46,Santiago,1,1200,1426
1305,3.4,20:00,08:10,London,1,1200,490
1306,3.4,20:10,23:10,Orlando,0,1210,1390
1307,3.4,20:10,08:20,London,1,1210,500
1308,3.4,20:30,10:15,Paris,1,1230,615
1309,3.4,20:30,08:35,London,1,1230,515
1310,3.4,20:30,01:24,Bogota,1,1230,84
1311,3.4,20:35,00:26,Santo Domingo,1,1235,26
1312,3.4,20:40,08:30,Casablanca,1,1240,510
1313,3.4,20:55,16:25,Doha,1,1255,985
1314,3.4,20:59,22:18,Syracuse,0,1259,1338
1315,3.4,20:59,22:36,Buffalo,0,1259,1356
1316,3.4,21:00,22:18,Syracuse,0,1260,1338
1317,3.4,21:00,22:16,Boston,0,1260,1336
1318,3.4,21:00,22:31,Buffalo,0,1260,1351
1319,3.4,21:00,23:14,Atlanta,0,1260,1394
1320,3.4,21:05,10:55,Zurich,1,1265,655
1321,3.4,21:05,17:50,Abu Dhabi,1,1265,1070
1322,3.4,21:15,11:35,Lome,1,1275,695
1323,3.4,21:29,22:49,Boston,0,1289,1369
1324,3.4,21:35,09:40,London,1,1295,580
1325,3.4,21:55,09:50,Buenos Aires,1,1315,590
1326,3.4,22:00,10:05,London,1,1320,605
1327,3.4,22:25,09:15,Sao Paulo,1,1345,555
1328,3.4,22:30,01:16,Phoenix,0,1350,76
1329,3.4,22:30,05:20,Singapore,1,1350,320
1330,3.4,22:30,02:09,Santiago,1,1350,129
1331,3.4,22:35,12:05,Frankfurt,1,1355,725
1332,3.4,22:45,12:30,Brussels,1,1365,750
1333,3.4,23:00,19:45,Dubai,1,1380,1185
1334,3.4,23:00,02:41,Santo Domingo,1,1380,161
1335,3.4,23:00,00:26,Hamilton,1,1380,26
1336,3.4,23:20,16:00,Istanbul,1,1400,960
1337,3.4,23:47,17:35,Tel Aviv-Yafo,1,1427,1055
1338,3.4,23:50,17:20,Tel Aviv-Yafo,1,1430,1040
1339,3.4,23:50,14:40,Helsinki,1,1430,880
1340,4.4,20:10,23:10,Orlando,0,1210,1390
1341,4.4,23:50,17:20,Tel Aviv-Yafo,1,1430,1040
1342,4.4,23:55,13:50,Accra,1,1435,830
1343,4.4,23:59,03:41,San Juan,1,1439,221
1344,4.4,23:59,03:41,Aguadilla,0,1439,221
1345,4.4,00:40,02:25,Chicago,0,40,145
1346,4.4,01:00,20:30,Doha,1,60,1230
1347,4.4,01:40,14:45,Luxembourg,1,100,885
1348,4.4,02:12,06:41,Panama City,0,132,401
1349,4.4,03:15,06:35,Seoul,1,195,395
1350,4.4,03:30,15:30,Liege,1,210,930
1351,4.4,03:45,06:37,Anchorage,0,225,397
1352,4.4,04:10,07:05,San Salvador,1,250,425
1353,4.4,05:01,08:38,Santo Domingo,1,301,518
1354,4.4,05:01,08:29,Santiago,1,301,509
1355,4.4,05:05,08:12,Miami,0,305,492
1356,4.4,05:35,08:36,Fort Lauderdale,0,335,516
1357,4.4,05:55,09:27,Santiago,1,355,567
1358,4.4,06:00,08:33,Atlanta,0,360,513
1359,4.4,06:00,08:05,Charlotte,0,360,485
1360,4.4,06:00,08:48,Phoenix,0,360,528
1361,4.4,06:00,09:00,Cancun,1,360,540
1362,4.4,06:00,09:21,Los Angeles,0,360,561
1363,4.4,06:00,09:47,San Juan,1,360,587
1364,4.4,06:01,09:46,Port Au Prince,1,361,586
1365,4.4,06:01,08:50,Kingston,1,361,530
1366,4.4,06:30,09:30,Miami,0,390,570
1367,4.4,06:45,07:54,Boston,0,405,474
1368,4.4,06:50,10:39,Saint Thomas,0,410,639
1369,4.4,06:55,19:10,Luxembourg,1,415,1150
1370,4.4,06:55,10:33,Salt Lake City,0,415,633
1371,4.4,07:00,12:51,Georgetown,0,420,771
1372,4.4,07:00,10:17,Fort Myers,0,420,617
1373,4.4,07:05,10:08,Tampa,0,425,608
1374,4.4,07:10,10:18,Miami,0,430,618
1375,4.4,07:10,09:43,Jacksonville,0,430,583
1376,4.4,07:10,10:33,Seattle,0,430,633
1377,4.4,07:10,10:17,Fort Lauderdale,0,430,617
1378,4.4,07:15,09:33,Minneapolis,0,435,573
1379,4.4,07:19,10:13,Orlando,0,439,613
1380,4.4,07:20,10:34,Los Angeles,0,440,634
1381,4.4,07:20,10:45,Los Angeles,0,440,645
1382,4.4,07:25,10:34,Fort Myers,0,445,634
1383,4.4,07:30,11:08,San Francisco,0,450,668
1384,4.4,07:30,10:50,Austin,0,450,650
1385,4.4,07:30,11:55,Aruba,1,450,715
1386,4.4,07:41,10:50,Cancun,1,461,650
1387,4.4,07:45,11:13,San Diego,0,465,673
1388,4.4,07:46,12:30,Aruba,1,466,750
1389,4.4,07:50,10:30,Denver,0,470,630
1390,4.4,07:53,11:38,Punta Cana,1,473,698
1391,4.4,07:55,11:30,San Francisco,0,475,690
1392,4.4,07:55,09:34,Memphis,0,475,574
1393,4.4,07:59,11:08,Miami,0,479,668
1394,4.4,07:59,11:38,San Francisco,0,479,698
1395,4.4,07:59,11:56,San Francisco,0,479,716
1396,4.4,08:00,10:10,Charleston,0,480,610
1397,4.4,08:00,11:28,Los Angeles,0,480,688
1398,4.4,08:00,11:23,Los Angeles,0,480,683
1399,4.4,08:00,10:35,Jacksonville,0,480,635
1400,4.4,08:00,11:43,Santo Domingo,1,480,703
1401,4.4,08:00,11:07,Fort Lauderdale,0,480,667
1402,4.4,08:00,11:58,Saint Thomas,0,480,718
1403,4.4,08:00,11:09,Miami,0,480,669
1404,4.4,08:00,11:50,Santiago,1,480,710
1405,4.4,08:00,09:43,Raleigh/Durham,0,480,583
1406,4.4,08:01,11:09,San Diego,0,481,669
1407,4.4,08:05,11:11,Dallas,0,485,671
1408,4.4,08:05,11:57,San Juan,1,485,717
1409,4.4,08:05,10:59,Montego Bay,1,485,659
1410,4.4,08:10,12:16,Punta Cana,1,490,736
1411,4.4,08:20,10:59,Atlanta,0,500,659
1412,4.4,08:20,12:18,Punta Cana,1,500,738
1413,4.4,08:20,11:47,San Jose,0,500,707
1414,4.4,08:22,12:50,Mexico City,1,502,770
1415,4.4,08:25,11:10,New Orleans,0,505,670
1416,4.4,08:25,12:26,Sint Maarten,1,505,746
1417,4.4,08:30,11:49,Austin,0,510,709
1418,4.4,08:30,11:38,Montego Bay,1,510,698
1419,4.4,08:30,11:29,Tampa,0,510,689
1420,4.4,08:30,12:28,Saint Thomas,0,510,748
1421,4.4,08:30,12:22,Santo Domingo,1,510,742
1422,4.4,08:30,11:30,Orlando,0,510,690
1423,4.4,08:35,11:40,Las Vegas,0,515,700
1424,4.4,08:36,11:45,Bermuda,1,516,705
1425,4.4,08:40,11:44,Sarasota,0,520,704
1426,4.4,08:40,13:20,Anchorage,0,520,800
1427,4.4,08:42,12:30,Providenciales,1,522,750
1428,4.4,08:45,12:55,Sint Maarten,1,525,775
1429,4.4,09:00,12:01,West Palm Beach,0,540,721
1430,4.4,09:00,10:45,Chicago,0,540,645
1431,4.4,09:00,13:31,Saint Lucia,1,540,811
1432,4.4,09:00,13:45,Bogota,1,540,825
1433,4.4,09:00,12:23,Seattle,0,540,743
1434,4.4,09:00,13:15,Antigua,1,540,795
1435,4.4,09:00,12:56,San Juan,1,540,776
1436,4.4,09:05,11:01,Detroit,0,545,661
1437,4.4,09:05,12:30,Los Angeles,0,545,750
1438,4.4,09:07,12:15,Cancun,1,547,735
1439,4.4,09:10,12:10,Montego Bay,1,550,730
1440,4.4,09:10,10:57,Raleigh/Durham,0,550,657
1441,4.4,09:15,10:58,Chicago,0,555,658
1442,4.4,09:20,12:02,Phoenix,0,560,722
1443,4.4,09:29,12:50,Nassau,0,569,770
1444,4.4,09:30,10:42,Boston,0,570,642
1445,4.4,09:30,12:45,Seattle,0,570,765
1446,4.4,09:35,13:52,San Jose Cabo,1,575,832
1447,4.4,09:37,11:50,Detroit,0,577,710
1448,4.4,09:40,13:01,Salt Lake City,0,580,781
1449,4.4,09:42,12:05,Charleston,0,582,725
1450,4.4,09:45,12:22,Atlanta,0,585,742
1451,4.4,09:45,12:34,Las Vegas,0,585,754
1452,4.4,09:45,11:15,Buffalo,0,585,675
1453,4.4,09:49,13:27,Santiago,1,589,807
1454,4.4,09:50,11:04,Syracuse,0,590,664
1455,4.4,09:55,11:22,Rochester,0,595,682
1456,4.4,09:59,13:25,Key West,0,599,805
1457,4.4,10:00,13:20,Cancun,1,600,800
1458,4.4,10:00,13:01,Albuquerque,0,600,781
1459,4.4,10:05,14:35,Mexico City,1,605,875
1460,4.4,10:15,13:18,Houston,0,615,798
1461,4.4,10:17,14:46,Panama City,0,617,886
1462,4.4,10:18,13:20,Cancun,1,618,800
1463,4.4,10:18,14:50,Aruba,1,618,890
1464,4.4,10:25,13:54,Salt Lake City,0,625,834
1465,4.4,10:30,13:32,Tampa,0,630,812
1466,4.4,10:30,13:11,Vail,0,630,791
1467,4.4,10:30,13:36,Miami,0,630,816
1468,4.4,10:30,14:06,San Francisco,0,630,846
1469,4.4,10:30,12:51,Savannah,0,630,771
1470,4.4,10:32,13:27,West Palm Beach,0,632,807
1471,4.4,10:41,11:57,Rochester,0,641,717
1472,4.4,10:45,14:26,Santiago,1,645,866
1473,4.4,11:00,14:03,Fort Lauderdale,0,660,843
1474,4.4,11:00,14:18,Los Angeles,0,660,858
1475,4.4,11:05,14:21,Seattle,0,665,861
1476,4.4,11:18,14:13,Cancun,1,678,853
1477,4.4,11:20,07:50,Dubai,1,680,470
1478,4.4,11:28,14:21,Orlando,0,688,861
1479,4.4,11:29,15:02,Puerto Plata,1,689,902
1480,4.4,11:30,14:21,Orlando,0,690,861
1481,4.4,11:31,14:53,Los Angeles,0,691,893
1482,4.4,11:41,13:49,Charlotte,0,701,829
1483,4.4,11:45,15:29,Santo Domingo,1,705,929
1484,4.4,11:55,13:40,Raleigh/Durham,0,715,820
1485,4.4,11:56,15:44,Santiago,1,716,944
1486,4.4,11:57,15:05,Miami,0,717,905
1487,4.4,11:59,14:25,Atlanta,0,719,865
1488,4.4,12:00,15:40,San Francisco,0,720,940
1489,4.4,12:00,15:05,Fort Lauderdale,0,720,905
1490,4.4,12:00,15:20,Los Angeles,0,720,920
1491,4.4,12:00,15:08,Miami,0,720,908
1492,4.4,12:00,15:27,Providenciales,1,720,927
1493,4.4,12:10,13:23,Martha's Vineyard,0,730,803
1494,4.4,12:30,16:12,Santo Domingo,1,750,972
1495,4.4,12:30,12:00,Delhi,1,750,720
1496,4.4,13:00,05:20,Istanbul,1,780,320
1497,4.4,13:00,16:39,Santo Domingo,1,780,999
1498,4.4,13:05,15:13,Detroit,0,785,913
1499,4.4,13:15,16:35,Tokyo,0,795,995
1500,4.4,13:25,10:25,Tashkent,1,805,625
1501,4.4,13:30,16:33,Miami,0,810,993
1502,4.4,13:30,02:40,Liege,1,810,160
1503,4.4,13:35,16:27,Orlando,0,815,987
1504,4.4,13:45,17:29,San Juan,1,825,1049
1505,4.4,13:45,18:45,Bogota,1,825,1125
1506,4.4,13:45,10:30,Nairobi,1,825,630
1507,4.4,13:50,17:45,Seoul,1,830,1065
1508,4.4,13:52,16:10,Charleston,0,832,970
1509,4.4,13:55,17:35,Seoul,1,835,1055
1510,4.4,13:55,17:20,Seoul,1,835,1040
1511,4.4,13:57,15:12,Burlington,0,837,912
1512,4.4,14:00,17:19,Los Angeles,0,840,1039
1513,4.4,14:00,16:29,Denver,0,840,989
1514,4.4,14:13,16:44,Jacksonville,0,853,1004
1515,4.4,14:25,18:02,Santiago,1,865,1082
1516,4.4,14:26,16:46,Savannah,0,866,1006
1517,4.4,14:30,17:24,Orlando,0,870,1044
1518,4.4,14:35,17:05,New Orleans,0,875,1025
1519,4.4,14:54,18:06,Fort Lauderdale,0,894,1086
1520,4.4,14:55,16:30,Washington,0,895,990
1521,4.4,14:55,16:23,Rochester,0,895,983
1522,4.4,14:55,16:30,Buffalo,0,895,990
1523,4.4,14:55,16:42,Raleigh/Durham,0,895,1002
1524,4.4,15:00,16:15,Syracuse,0,900,975
1525,4.4,15:05,17:26,Minneapolis,0,905,1046
1526,4.4,15:05,19:25,Mexico City,1,905,1165
1527,4.4,15:10,18:17,Sarasota,0,910,1097
1528,4.4,15:20,20:10,Mexico City,1,920,1210
1529,4.4,15:25,18:43,Miami,0,925,1123
1530,4.4,15:29,18:33,West Palm Beach,0,929,1113
1531,4.4,15:31,21:18,Guayaquil,1,931,1278
1532,4.4,15:35,18:47,Fort Lauderdale,0,935,1127
1533,4.4,15:35,18:34,Orlando,0,935,1114
1534,4.4,15:40,18:42,Orlando,0,940,1122
1535,4.4,15:45,18:49,Tampa,0,945,1129
1536,4.4,15:45,18:22,Atlanta,0,945,1102
1537,4.4,15:45,18:35,Kingston,1,945,1115
1538,4.4,15:47,18:59,Fort Myers,0,947,1139
1539,4.4,15:50,21:27,Georgetown,0,950,1287
1540,4.4,15:55,18:59,Las Vegas,0,955,1139
1541,4.4,15:59,18:50,New Orleans,0,959,1130
1542,4.4,15:59,19:54,San Juan,1,959,1194
1543,4.4,16:00,18:37,Jacksonville,0,960,1117
1544,4.4,16:05,19:27,Fort Myers,0,965,1167
1545,4.4,16:10,19:35,Los Angeles,0,970,1175
1546,4.4,16:30,20:09,Santiago,1,990,1209
1547,4.4,16:30,19:31,Tampa,0,990,1171
1548,4.4,16:30,20:17,Santo Domingo,1,990,1217
1549,4.4,16:33,19:44,Miami,0,993,1184
1550,4.4,16:39,19:39,Orlando,0,999,1179
1551,4.4,16:41,20:16,Salt Lake City,0,1001,1216
1552,4.4,16:41,19:17,Atlanta,0,1001,1157
1553,4.4,16:45,18:03,Boston,0,1005,1083
1554,4.4,16:55,20:10,Los Angeles,0,1015,1210
1555,4.4,16:59,20:57,San Francisco,0,1019,1257
1556,4.4,17:00,20:20,Miami,0,1020,1220
1557,4.4,17:00,20:31,Sacramento,0,1020,1231
1558,4.4,17:00,20:30,Los Angeles,0,1020,1230
1559,4.4,17:00,07:35,Rome,0,1020,455
1560,4.4,17:00,20:25,Los Angeles,0,1020,1225
1561,4.4,17:10,19:01,Chicago,0,1030,1141
1562,4.4,17:10,20:47,San Francisco,0,1030,1247
1563,4.4,17:15,20:40,Los Angeles,0,1035,1240
1564,4.4,17:15,04:50,Dublin,1,1035,290
1565,4.4,17:20,20:41,Seattle,0,1040,1241
1566,4.4,17:20,06:50,Amsterdam,1,1040,410
1567,4.4,17:30,21:19,San Francisco,0,1050,1279
1568,4.4,17:30,20:55,Austin,0,1050,1255
1569,4.4,17:30,19:45,Charlotte,0,1050,1185
1570,4.4,17:30,19:44,Detroit,0,1050,1184
1571,4.4,17:35,06:55,Paris,1,1055,415
1572,4.4,17:35,07:45,Milan,1,1055,465
1573,4.4,17:45,20:54,Fort Lauderdale,0,1065,1254
1574,4.4,17:50,19:50,Chicago,0,1070,1190
1575,4.4,17:54,20:45,Phoenix,0,1074,1245
1576,4.4,17:54,21:03,Fort Lauderdale,0,1074,1263
1577,4.4,17:55,21:17,San Jose,0,1075,1277
1578,4.4,17:55,21:37,San Francisco,0,1075,1297
1579,4.4,17:55,05:20,Sao Paulo,1,1075,320
1580,4.4,17:59,21:08,Palm Springs,0,1079,1268
1581,4.4,18:00,21:14,Fort Lauderdale,0,1080,1274
1582,4.4,18:00,22:45,Mexico City,1,1080,1365
1583,4.4,18:00,21:32,Los Angeles,0,1080,1292
1584,4.4,18:10,06:20,London,1,1090,380
1585,4.4,18:15,21:15,Tokyo,0,1095,1275
1586,4.4,18:24,21:58,Salt Lake City,0,1104,1318
1587,4.4,18:30,07:45,Amsterdam,1,1110,465
1588,4.4,18:30,19:51,Boston,0,1110,1191
1589,4.4,18:30,21:44,Portland,0,1110,1304
1590,4.4,18:30,11:00,Cairo,1,1110,660
1591,4.4,18:30,22:00,Seattle,0,1110,1320
1592,4.4,18:30,21:48,Miami,0,1110,1308
1593,4.4,18:30,08:00,Paris,1,1110,480
1594,4.4,18:45,21:15,Atlanta,0,1125,1275
1595,4.4,18:51,21:39,Phoenix,0,1131,1299
1596,4.4,18:55,21:24,Savannah,0,1135,1284
1597,4.4,18:55,22:46,San Juan,1,1135,1366
1598,4.4,18:59,22:08,San Salvador,1,1139,1328
1599,4.4,18:59,22:51,San Juan,1,1139,1371
1600,4.4,18:59,22:54,Santo Domingo,1,1139,1374
1601,4.4,19:00,22:29,Los Angeles,0,1140,1349
1602,4.4,19:00,22:34,Los Angeles,0,1140,1354
1603,4.4,19:10,22:38,Los Angeles,0,1150,1358
1604,4.4,19:10,09:05,Milan,1,1150,545
1605,4.4,19:20,22:39,Austin,0,1160,1359
1606,4.4,19:20,11:45,Moscow,1,1160,705
1607,4.4,19:25,23:29,San Francisco,0,1165,1409
1608,4.4,19:29,22:51,Miami,0,1169,1371
1609,4.4,19:30,07:10,Dakar,1,1170,430
1610,4.4,19:30,09:10,Paris,1,1170,550
1611,4.4,19:30,22:24,Orlando,0,1170,1344
1612,4.4,19:33,09:15,Madrid,1,1173,555
1613,4.4,19:40,21:20,Washington,0,1180,1280
1614,4.4,19:45,23:48,Santiago,1,1185,1428
1615,4.4,19:45,21:44,Raleigh/Durham,0,1185,1304
1616,4.4,19:50,22:34,Phoenix,0,1190,1354
1617,4.4,19:59,23:22,Fort Lauderdale,0,1199,1402
1618,4.4,19:59,23:17,Miami,0,1199,1397
1619,4.4,19:59,22:46,Jacksonville,0,1199,1366
1620,4.4,19:59,21:34,Rochester,0,1199,1294
1621,4.4,19:59,22:30,Charleston,0,1199,1350
1622,4.4,19:59,21:30,Burlington,0,1199,1290
1623,4.4,19:59,23:08,Las Vegas,0,1199,1388
1624,4.4,20:00,23:46,Santiago,1,1200,1426
1625,4.4,20:00,08:10,London,1,1200,490
1626,4.4,20:10,08:20,London,1,1210,500
1627,4.4,20:30,01:24,Bogota,1,1230,84
1628,4.4,20:30,10:15,Paris,1,1230,615
1629,4.4,20:35,00:26,Santo Domingo,1,1235,26
1630,4.4,20:40,08:30,Casablanca,1,1240,510
1631,4.4,20:55,16:25,Doha,1,1255,985
1632,4.4,20:55,00:18,Los Angeles,0,1255,18
1633,4.4,20:59,22:36,Buffalo,0,1259,1356
1634,4.4,20:59,22:18,Syracuse,0,1259,1338
1635,4.4,21:00,22:16,Boston,0,1260,1336
1636,4.4,21:00,22:31,Buffalo,0,1260,1351
1637,4.4,21:00,22:18,Syracuse,0,1260,1338
1638,4.4,21:05,17:50,Abu Dhabi,1,1265,1070
1639,4.4,21:05,10:55,Zurich,1,1265,655
1640,4.4,21:10,10:30,Madrid,1,1270,630
1641,4.4,21:29,22:49,Boston,0,1289,1369
1642,4.4,21:35,09:40,London,1,1295,580
1643,4.4,21:42,09:15,Dublin,1,1302,555
1644,4.4,21:55,09:50,Buenos Aires,1,1315,590
1645,4.4,22:00,11:20,Amsterdam,1,1320,680
1646,4.4,22:15,12:45,Warsaw,1,1335,765
1647,4.4,22:25,09:15,Sao Paulo,1,1345,555
1648,4.4,22:30,05:20,Singapore,1,1350,320
1649,4.4,22:30,02:09,Santiago,1,1350,129
1650,4.4,22:35,12:05,Frankfurt,1,1355,725
1651,4.4,22:46,09:40,Sao Paulo,1,1366,580
1652,4.4,23:00,02:41,Santo Domingo,1,1380,161
1653,4.4,23:00,19:45,Dubai,1,1380,1185
1654,4.4,23:20,06:05,Lima,1,1400,365
1655,4.4,23:20,16:00,Istanbul,1,1400,960
1656,4.4,23:47,17:35,Tel Aviv-Yafo,1,1427,1055
1657,4.4,23:50,14:40,Helsinki,1,1430,880
1658,5.4,23:50,17:20,Tel Aviv-Yafo,1,1430,1040
1659,5.4,23:59,03:41,Aguadilla,0,1439,221
1660,5.4,01:00,20:30,Doha,1,60,1230
1661,5.4,01:25,13:35,Luxembourg,1,85,815
1662,5.4,01:48,06:09,Guadalajara,1,108,369
1663,5.4,02:10,15:25,Luxembourg,1,130,925
1664,5.4,02:12,06:41,Panama City,0,132,401
1665,5.4,03:30,15:30,Liege,1,210,930
1666,5.4,03:35,16:25,Brussels,1,215,985
1667,5.4,04:10,07:05,San Salvador,1,250,425
1668,5.4,05:01,08:38,Santo Domingo,1,301,518
1669,5.4,05:01,08:29,Santiago,1,301,509
1670,5.4,05:05,08:12,Miami,0,305,492
1671,5.4,05:30,08:19,Kingston,1,330,499
1672,5.4,05:35,08:36,Fort Lauderdale,0,335,516
1673,5.4,05:40,08:35,San Salvador,1,340,515
1674,5.4,05:55,09:27,Santiago,1,355,567
1675,5.4,06:00,08:05,Charlotte,0,360,485
1676,5.4,06:00,08:48,Phoenix,0,360,528
1677,5.4,06:00,09:21,Los Angeles,0,360,561
1678,5.4,06:00,09:47,San Juan,1,360,587
1679,5.4,06:00,08:33,Atlanta,0,360,513
1680,5.4,06:01,09:46,Port Au Prince,1,361,586
1681,5.4,06:05,19:25,Liege,1,365,1165
1682,5.4,06:30,09:30,Miami,0,390,570
1683,5.4,06:45,07:54,Boston,0,405,474
1684,5.4,06:50,10:39,Saint Thomas,0,410,639
1685,5.4,06:55,10:33,Salt Lake City,0,415,633
1686,5.4,07:00,12:51,Georgetown,0,420,771
1687,5.4,07:00,10:04,Fort Lauderdale,0,420,604
1688,5.4,07:00,12:40,Georgetown,0,420,760
1689,5.4,07:00,10:25,Los Angeles,0,420,625
1690,5.4,07:00,10:17,Fort Myers,0,420,617
1691,5.4,07:00,10:27,Providenciales,1,420,627
1692,5.4,07:00,09:53,Orlando,0,420,593
1693,5.4,07:05,10:08,Tampa,0,425,608
1694,5.4,07:10,10:33,Seattle,0,430,633
1695,5.4,07:10,10:18,Miami,0,430,618
1696,5.4,07:10,09:43,Jacksonville,0,430,583
1697,5.4,07:10,10:17,Fort Lauderdale,0,430,617
1698,5.4,07:15,09:33,Minneapolis,0,435,573
1699,5.4,07:19,10:13,Orlando,0,439,613
1700,5.4,07:20,10:34,Los Angeles,0,440,634
1701,5.4,07:25,10:34,Fort Myers,0,445,634
1702,5.4,07:30,10:50,Austin,0,450,650
1703,5.4,07:30,11:08,San Francisco,0,450,668
1704,5.4,07:30,11:55,Aruba,1,450,715
1705,5.4,07:41,10:50,Cancun,1,461,650
1706,5.4,07:45,11:13,San Diego,0,465,673
1707,5.4,07:46,12:30,Aruba,1,466,750
1708,5.4,07:49,11:05,Liberia,1,469,665
1709,5.4,07:50,10:30,Denver,0,470,630
1710,5.4,07:53,11:38,Punta Cana,1,473,698
1711,5.4,07:55,11:30,San Francisco,0,475,690
1712,5.4,07:59,11:38,San Francisco,0,479,698
1713,5.4,07:59,11:56,San Francisco,0,479,716
1714,5.4,08:00,11:23,Los Angeles,0,480,683
1715,5.4,08:00,09:43,Raleigh/Durham,0,480,583
1716,5.4,08:00,11:43,Santo Domingo,1,480,703
1717,5.4,08:00,11:09,Miami,0,480,669
1718,5.4,08:00,10:35,Jacksonville,0,480,635
1719,5.4,08:00,11:50,Santiago,1,480,710
1720,5.4,08:00,11:58,Saint Thomas,0,480,718
1721,5.4,08:00,11:07,Fort Lauderdale,0,480,667
1722,5.4,08:00,11:28,Los Angeles,0,480,688
1723,5.4,08:01,11:09,San Diego,0,481,669
1724,5.4,08:05,10:59,Montego Bay,1,485,659
1725,5.4,08:05,11:57,San Juan,1,485,717
1726,5.4,08:05,11:11,Dallas,0,485,671
1727,5.4,08:06,11:05,Tampa,0,486,665
1728,5.4,08:10,12:16,Punta Cana,1,490,736
1729,5.4,08:15,20:00,London,1,495,1200
1730,5.4,08:20,10:59,Atlanta,0,500,659
1731,5.4,08:20,11:47,San Jose,0,500,707
1732,5.4,08:20,12:18,Punta Cana,1,500,738
1733,5.4,08:22,12:50,Mexico City,1,502,770
1734,5.4,08:25,11:10,New Orleans,0,505,670
1735,5.4,08:29,11:29,Orlando,0,509,689
1736,5.4,08:30,11:49,Austin,0,510,709
1737,5.4,08:30,12:28,Saint Thomas,0,510,748
1738,5.4,08:30,11:38,Montego Bay,1,510,698
1739,5.4,08:30,12:22,Santo Domingo,1,510,742
1740,5.4,08:35,11:40,Las Vegas,0,515,700
1741,5.4,08:36,11:45,Bermuda,1,516,705
1742,5.4,08:40,11:44,Sarasota,0,520,704
1743,5.4,08:40,13:20,Anchorage,0,520,800
1744,5.4,08:42,12:30,Providenciales,1,522,750
1745,5.4,08:56,10:52,Detroit,0,536,652
1746,5.4,09:00,12:01,West Palm Beach,0,540,721
1747,5.4,09:00,12:23,Seattle,0,540,743
1748,5.4,09:00,11:12,Charleston,0,540,672
1749,5.4,09:00,13:31,Saint Lucia,1,540,811
1750,5.4,09:00,12:56,San Juan,1,540,776
1751,5.4,09:00,13:45,Bogota,1,540,825
1752,5.4,09:00,10:45,Chicago,0,540,645
1753,5.4,09:00,13:15,Antigua,1,540,795
1754,5.4,09:05,12:30,Los Angeles,0,545,750
1755,5.4,09:07,12:15,Cancun,1,547,735
1756,5.4,09:10,12:10,Montego Bay,1,550,730
1757,5.4,09:10,10:57,Raleigh/Durham,0,550,657
1758,5.4,09:15,10:58,Chicago,0,555,658
1759,5.4,09:20,12:02,Phoenix,0,560,722
1760,5.4,09:30,12:31,Fort Lauderdale,0,570,751
1761,5.4,09:30,12:45,Seattle,0,570,765
1762,5.4,09:30,12:52,Los Angeles,0,570,772
1763,5.4,09:30,10:42,Boston,0,570,642
1764,5.4,09:37,11:50,Detroit,0,577,710
1765,5.4,09:40,13:01,Salt Lake City,0,580,781
1766,5.4,09:42,12:05,Charleston,0,582,725
1767,5.4,09:45,12:34,Las Vegas,0,585,754
1768,5.4,09:45,11:16,Nashville,0,585,676
1769,5.4,09:45,11:15,Buffalo,0,585,675
1770,5.4,09:45,12:22,Atlanta,0,585,742
1771,5.4,09:49,13:27,Santiago,1,589,807
1772,5.4,09:50,11:04,Syracuse,0,590,664
1773,5.4,09:55,11:22,Rochester,0,595,682
1774,5.4,09:59,13:25,Key West,0,599,805
1775,5.4,09:59,12:57,Tampa,0,599,777
1776,5.4,10:00,13:20,Cancun,1,600,800
1777,5.4,10:00,15:40,Guayaquil,1,600,940
1778,5.4,10:00,14:35,Medellin,1,600,875
1779,5.4,10:00,15:25,Honolulu,0,600,925
1780,5.4,10:00,12:55,Orlando,0,600,775
1781,5.4,10:00,13:11,Fort Myers,0,600,791
1782,5.4,10:00,13:57,Cartagena,1,600,837
1783,5.4,10:05,14:35,Mexico City,1,605,875
1784,5.4,10:15,13:18,Houston,0,615,798
1785,5.4,10:17,14:46,Panama City,0,617,886
1786,5.4,10:18,13:20,Cancun,1,618,800
1787,5.4,10:25,13:54,Salt Lake City,0,625,834
1788,5.4,10:30,13:32,Tampa,0,630,812
1789,5.4,10:30,14:06,San Francisco,0,630,846
1790,5.4,10:30,13:11,Vail,0,630,791
1791,5.4,10:30,12:51,Savannah,0,630,771
1792,5.4,10:30,13:36,Miami,0,630,816
1793,5.4,10:30,13:37,Miami,0,630,817
1794,5.4,10:32,13:27,West Palm Beach,0,632,807
1795,5.4,10:41,11:57,Rochester,0,641,717
1796,5.4,10:45,14:26,Santiago,1,645,866
1797,5.4,11:00,14:18,Los Angeles,0,660,858
1798,5.4,11:00,14:03,Fort Lauderdale,0,660,843
1799,5.4,11:05,14:21,Seattle,0,665,861
1800,5.4,11:20,13:20,Toronto,1,680,800
1801,5.4,11:20,07:50,Dubai,1,680,470
1802,5.4,11:28,14:21,Orlando,0,688,861
1803,5.4,11:30,14:21,Orlando,0,690,861
1804,5.4,11:30,15:03,Puerto Plata,1,690,903
1805,5.4,11:41,13:49,Charlotte,0,701,829
1806,5.4,11:45,15:29,Santo Domingo,1,705,929
1807,5.4,11:45,14:45,Cancun,1,705,885
1808,5.4,11:55,13:40,Raleigh/Durham,0,715,820
1809,5.4,11:56,15:44,Santiago,1,716,944
1810,5.4,11:57,15:05,Miami,0,717,905
1811,5.4,11:59,14:25,Atlanta,0,719,865
1812,5.4,12:00,15:05,Fort Lauderdale,0,720,905
1813,5.4,12:00,15:20,Los Angeles,0,720,920
1814,5.4,12:00,15:40,San Francisco,0,720,940
1815,5.4,12:00,15:08,Miami,0,720,908
1816,5.4,12:00,14:56,West Palm Beach,0,720,896
1817,5.4,12:10,13:23,Martha's Vineyard,0,730,803
1818,5.4,12:30,16:12,Santo Domingo,1,750,972
1819,5.4,13:00,05:20,Istanbul,1,780,320
1820,5.4,13:00,16:39,Santo Domingo,1,780,999
1821,5.4,13:05,15:13,Detroit,0,785,913
1822,5.4,13:15,16:35,Tokyo,0,795,995
1823,5.4,13:30,16:33,Miami,0,810,993
1824,5.4,13:30,16:33,Fort Lauderdale,0,810,993
1825,5.4,13:35,16:27,Orlando,0,815,987
1826,5.4,13:45,17:29,San Juan,1,825,1049
1827,5.4,13:45,18:45,Bogota,1,825,1125
1828,5.4,13:50,17:45,Seoul,1,830,1065
1829,5.4,13:52,16:10,Charleston,0,832,970
1830,5.4,13:55,17:20,Seoul,1,835,1040
1831,5.4,14:00,17:19,Los Angeles,0,840,1039
1832,5.4,14:00,16:29,Denver,0,840,989
1833,5.4,14:13,16:44,Jacksonville,0,853,1004
1834,5.4,14:25,18:02,Santiago,1,865,1082
1835,5.4,14:26,16:46,Savannah,0,866,1006
1836,5.4,14:35,17:05,New Orleans,0,875,1025
1837,5.4,14:35,05:25,Belgrade,0,875,325
1838,5.4,14:54,18:06,Fort Lauderdale,0,894,1086
1839,5.4,14:55,16:23,Rochester,0,895,983
1840,5.4,14:55,16:30,Buffalo,0,895,990
1841,5.4,14:55,16:30,Washington,0,895,990
1842,5.4,14:55,16:42,Raleigh/Durham,0,895,1002
1843,5.4,15:00,16:15,Syracuse,0,900,975
1844,5.4,15:05,17:26,Minneapolis,0,905,1046
1845,5.4,15:10,18:17,Sarasota,0,910,1097
1846,5.4,15:20,20:10,Mexico City,1,920,1210
1847,5.4,15:25,18:43,Miami,0,925,1123
1848,5.4,15:29,18:33,West Palm Beach,0,929,1113
1849,5.4,15:31,21:18,Guayaquil,1,931,1278
1850,5.4,15:35,18:34,Orlando,0,935,1114
1851,5.4,15:35,18:47,Fort Lauderdale,0,935,1127
1852,5.4,15:40,18:42,Orlando,0,940,1122
1853,5.4,15:45,18:21,Atlanta,0,945,1101
1854,5.4,15:45,18:49,Tampa,0,945,1129
1855,5.4,15:45,05:45,Frankfurt,1,945,345
1856,5.4,15:45,18:35,Kingston,1,945,1115
1857,5.4,15:47,18:59,Fort Myers,0,947,1139
1858,5.4,15:50,21:27,Georgetown,0,950,1287
1859,5.4,15:55,18:59,Las Vegas,0,955,1139
1860,5.4,15:59,18:50,New Orleans,0,959,1130
1861,5.4,15:59,19:54,San Juan,1,959,1194
1862,5.4,16:00,18:37,Jacksonville,0,960,1117
1863,5.4,16:05,19:27,Fort Myers,0,965,1167
1864,5.4,16:10,19:35,Los Angeles,0,970,1175
1865,5.4,16:25,19:25,Shanghai,1,985,1165
1866,5.4,16:30,19:31,Tampa,0,990,1171
1867,5.4,16:30,20:17,Santo Domingo,1,990,1217
1868,5.4,16:30,20:09,Santiago,1,990,1209
1869,5.4,16:33,19:44,Miami,0,993,1184
1870,5.4,16:39,19:39,Orlando,0,999,1179
1871,5.4,16:41,20:16,Salt Lake City,0,1001,1216
1872,5.4,16:41,19:17,Atlanta,0,1001,1157
1873,5.4,16:45,18:03,Boston,0,1005,1083
1874,5.4,16:55,20:10,Los Angeles,0,1015,1210
1875,5.4,16:59,20:57,San Francisco,0,1019,1257
1876,5.4,17:00,20:30,Los Angeles,0,1020,1230
1877,5.4,17:00,19:10,Charleston,0,1020,1150
1878,5.4,17:00,07:35,Rome,0,1020,455
1879,5.4,17:00,20:20,Miami,0,1020,1220
1880,5.4,17:10,20:47,San Francisco,0,1030,1247
1881,5.4,17:10,19:01,Chicago,0,1030,1141
1882,5.4,17:15,04:50,Dublin,1,1035,290
1883,5.4,17:15,20:40,Los Angeles,0,1035,1240
1884,5.4,17:20,06:50,Amsterdam,1,1040,410
1885,5.4,17:20,20:41,Seattle,0,1040,1241
1886,5.4,17:30,19:45,Charlotte,0,1050,1185
1887,5.4,17:30,19:44,Detroit,0,1050,1184
1888,5.4,17:30,21:19,San Francisco,0,1050,1279
1889,5.4,17:30,20:55,Austin,0,1050,1255
1890,5.4,17:35,06:55,Paris,1,1055,415
1891,5.4,17:35,07:45,Milan,1,1055,465
1892,5.4,17:54,21:03,Fort Lauderdale,0,1074,1263
1893,5.4,17:54,20:45,Phoenix,0,1074,1245
1894,5.4,17:55,21:35,Seoul,1,1075,1295
1895,5.4,17:55,21:37,San Francisco,0,1075,1297
1896,5.4,17:59,21:08,Palm Springs,0,1079,1268
1897,5.4,18:00,21:32,Los Angeles,0,1080,1292
1898,5.4,18:00,07:10,Madrid,1,1080,430
1899,5.4,18:00,22:45,Mexico City,1,1080,1365
1900,5.4,18:00,21:14,Fort Lauderdale,0,1080,1274
1901,5.4,18:00,11:30,Tel Aviv-Yafo,1,1080,690
1902,5.4,18:10,06:20,London,1,1090,380
1903,5.4,18:24,21:58,Salt Lake City,0,1104,1318
1904,5.4,18:30,19:51,Boston,0,1110,1191
1905,5.4,18:30,22:00,Seattle,0,1110,1320
1906,5.4,18:30,21:44,Portland,0,1110,1304
1907,5.4,18:30,08:30,Maastricht,1,1110,510
1908,5.4,18:30,07:45,Amsterdam,1,1110,465
1909,5.4,18:30,08:00,Paris,1,1110,480
1910,5.4,18:30,21:48,Miami,0,1110,1308
1911,5.4,18:45,21:15,Atlanta,0,1125,1275
1912,5.4,18:51,21:39,Phoenix,0,1131,1299
1913,5.4,18:55,22:46,San Juan,1,1135,1366
1914,5.4,18:59,22:51,San Juan,1,1139,1371
1915,5.4,18:59,22:54,Santo Domingo,1,1139,1374
1916,5.4,18:59,22:08,San Salvador,1,1139,1328
1917,5.4,19:00,22:34,Los Angeles,0,1140,1354
1918,5.4,19:00,22:29,Los Angeles,0,1140,1349
1919,5.4,19:10,09:05,Milan,1,1150,545
1920,5.4,19:10,22:38,Los Angeles,0,1150,1358
1921,5.4,19:20,22:39,Austin,0,1160,1359
1922,5.4,19:25,23:29,San Francisco,0,1165,1409
1923,5.4,19:29,22:51,Miami,0,1169,1371
1924,5.4,19:30,22:24,Orlando,0,1170,1344
1925,5.4,19:30,09:10,Paris,1,1170,550
1926,5.4,19:40,21:20,Washington,0,1180,1280
1927,5.4,19:45,23:48,Santiago,1,1185,1428
1928,5.4,19:45,21:44,Raleigh/Durham,0,1185,1304
1929,5.4,19:50,22:34,Phoenix,0,1190,1354
1930,5.4,19:59,23:08,Las Vegas,0,1199,1388
1931,5.4,19:59,23:17,Miami,0,1199,1397
1932,5.4,19:59,23:22,Fort Lauderdale,0,1199,1402
1933,5.4,19:59,22:30,Charleston,0,1199,1350
1934,5.4,19:59,21:34,Rochester,0,1199,1294
1935,5.4,19:59,22:46,Jacksonville,0,1199,1366
1936,5.4,19:59,21:30,Burlington,0,1199,1290
1937,5.4,20:00,23:23,Los Angeles,0,1200,1403
1938,5.4,20:00,08:10,London,1,1200,490
1939,5.4,20:00,23:46,Santiago,1,1200,1426
1940,5.4,20:10,23:10,Orlando,0,1210,1390
1941,5.4,20:10,08:20,London,1,1210,500
1942,5.4,20:30,10:15,Paris,1,1230,615
1943,5.4,20:30,01:24,Bogota,1,1230,84
1944,5.4,20:35,00:26,Santo Domingo,1,1235,26
1945,5.4,20:40,08:30,Casablanca,1,1240,510
1946,5.4,20:55,16:25,Doha,1,1255,985
1947,5.4,20:59,22:36,Buffalo,0,1259,1356
1948,5.4,20:59,22:18,Syracuse,0,1259,1338
1949,5.4,21:00,22:31,Buffalo,0,1260,1351
1950,5.4,21:00,22:16,Boston,0,1260,1336
1951,5.4,21:05,10:55,Zurich,1,1265,655
1952,5.4,21:05,17:50,Abu Dhabi,1,1265,1070
1953,5.4,21:29,22:49,Boston,0,1289,1369
1954,5.4,21:35,09:40,London,1,1295,580
1955,5.4,21:55,09:50,Buenos Aires,1,1315,590
1956,5.4,22:15,12:45,Warsaw,1,1335,765
1957,5.4,22:25,09:15,Sao Paulo,1,1345,555
1958,5.4,22:30,02:09,Santiago,1,1350,129
1959,5.4,22:30,05:20,Singapore,1,1350,320
1960,5.4,22:46,09:40,Sao Paulo,1,1366,580
1961,5.4,23:00,19:45,Dubai,1,1380,1185
1962,5.4,23:00,02:41,Santo Domingo,1,1380,161
1963,5.4,23:20,16:00,Istanbul,1,1400,960
1964,5.4,23:47,17:35,Tel Aviv-Yafo,1,1427,1055
1965,5.4,23:50,14:40,Helsinki,1,1430,880
1966,5.4,23:55,13:50,Accra,1,1435,830
1967,5.4,23:59,03:41,San Juan,1,1439,221
1968,6.4,01:00,20:30,Doha,1,60,1230
1969,6.4,02:10,07:00,Bogota,1,130,420
1970,6.4,02:12,06:41,Panama City,0,132,401
1971,6.4,02:25,05:55,Seoul,1,145,355
1972,6.4,04:10,07:05,San Salvador,1,250,425
1973,6.4,04:35,18:15,Milan,1,275,1095
1974,6.4,05:01,08:32,Santiago,1,301,512
1975,6.4,05:05,08:12,Miami,0,305,492
1976,6.4,05:07,08:44,Santo Domingo,1,307,524
1977,6.4,05:35,08:36,Fort Lauderdale,0,335,516
1978,6.4,05:45,09:17,Santiago,1,345,557
1979,6.4,06:00,09:21,Los Angeles,0,360,561
1980,6.4,06:00,08:48,Phoenix,0,360,528
1981,6.4,06:00,09:00,Cancun,1,360,540
1982,6.4,06:00,08:33,Atlanta,0,360,513
1983,6.4,06:00,08:05,Charlotte,0,360,485
1984,6.4,06:01,09:49,San Juan,1,361,589
1985,6.4,06:01,09:46,Port Au Prince,1,361,586
1986,6.4,06:01,08:52,Kingston,1,361,532
1987,6.4,06:20,18:25,Leicestershire,1,380,1105
1988,6.4,06:30,09:30,Miami,0,390,570
1989,6.4,06:30,09:37,Fort Myers,0,390,577
1990,6.4,06:55,10:33,Salt Lake City,0,415,633
1991,6.4,07:00,10:04,Fort Lauderdale,0,420,604
1992,6.4,07:00,08:10,Boston,0,420,490
1993,6.4,07:00,10:17,Fort Myers,0,420,617
1994,6.4,07:00,12:51,Georgetown,0,420,771
1995,6.4,07:05,10:08,Tampa,0,425,608
1996,6.4,07:10,10:17,Fort Lauderdale,0,430,617
1997,6.4,07:10,09:43,Jacksonville,0,430,583
1998,6.4,07:10,10:33,Seattle,0,430,633
1999,6.4,07:10,10:18,Miami,0,430,618
2000,6.4,07:15,09:33,Minneapolis,0,435,573
2001,6.4,07:19,10:13,Orlando,0,439,613
2002,6.4,07:30,11:08,San Francisco,0,450,668
2003,6.4,07:30,10:50,Austin,0,450,650
2004,6.4,07:30,10:30,Orlando,0,450,630
2005,6.4,07:30,11:58,Aruba,1,450,718
2006,6.4,07:45,11:13,San Diego,0,465,673
2007,6.4,07:45,10:56,Cancun,1,465,656
2008,6.4,07:45,10:45,West Palm Beach,0,465,645
2009,6.4,07:46,12:30,Aruba,1,466,750
2010,6.4,07:50,10:30,Denver,0,470,630
2011,6.4,07:55,11:30,San Francisco,0,475,690
2012,6.4,07:59,11:56,San Francisco,0,479,716
2013,6.4,08:00,12:42,Bridgetown,1,480,762
2014,6.4,08:00,10:56,Tampa,0,480,656
2015,6.4,08:00,11:06,Bermuda,1,480,666
2016,6.4,08:00,10:35,Jacksonville,0,480,635
2017,6.4,08:00,11:50,Santiago,1,480,710
2018,6.4,08:00,11:07,Fort Lauderdale,0,480,667
2019,6.4,08:00,11:28,Los Angeles,0,480,688
2020,6.4,08:00,11:13,San Diego,0,480,673
2021,6.4,08:00,11:23,Liberia,1,480,683
2022,6.4,08:00,10:54,Montego Bay,1,480,654
2023,6.4,08:00,11:23,Los Angeles,0,480,683
2024,6.4,08:00,11:09,Miami,0,480,669
2025,6.4,08:00,11:58,Saint Thomas,0,480,718
2026,6.4,08:04,11:07,Sarasota,0,484,667
2027,6.4,08:05,11:14,Miami,0,485,674
2028,6.4,08:05,11:57,San Juan,1,485,717
2029,6.4,08:10,12:16,Punta Cana,1,490,736
2030,6.4,08:15,11:35,Los Angeles,0,495,695
2031,6.4,08:20,10:59,Atlanta,0,500,659
2032,6.4,08:20,12:18,Punta Cana,1,500,738
2033,6.4,08:22,12:50,Mexico City,1,502,770
2034,6.4,08:25,11:10,New Orleans,0,505,670
2035,6.4,08:25,12:27,Sint Maarten,1,505,747
2036,6.4,08:30,11:30,Orlando,0,510,690
2037,6.4,08:30,11:38,Montego Bay,1,510,698
2038,6.4,08:30,12:12,San Francisco,0,510,732
2039,6.4,08:30,12:28,Saint Thomas,0,510,748
2040,6.4,08:30,12:22,Santo Domingo,1,510,742
2041,6.4,08:35,11:40,Las Vegas,0,515,700
2042,6.4,08:35,12:23,Punta Cana,1,515,743
2043,6.4,09:00,12:14,Fort Lauderdale,0,540,734
2044,6.4,09:00,12:01,West Palm Beach,0,540,721
2045,6.4,09:00,12:05,Los Angeles,0,540,725
2046,6.4,09:00,10:30,Buffalo,0,540,630
2047,6.4,09:00,12:56,San Juan,1,540,776
2048,6.4,09:00,13:15,Antigua,1,540,795
2049,6.4,09:04,12:15,Cancun,1,544,735
2050,6.4,09:10,12:10,Montego Bay,1,550,730
2051,6.4,09:10,10:57,Raleigh/Durham,0,550,657
2052,6.4,09:15,10:58,Chicago,0,555,658
2053,6.4,09:20,12:02,Phoenix,0,560,722
2054,6.4,09:30,11:39,Charleston,0,570,699
2055,6.4,09:30,12:39,Miami,0,570,759
2056,6.4,09:30,10:42,Boston,0,570,642
2057,6.4,09:30,12:45,Seattle,0,570,765
2058,6.4,09:37,11:50,Detroit,0,577,710
2059,6.4,09:40,12:29,Las Vegas,0,580,749
2060,6.4,09:42,12:05,Charleston,0,582,725
2061,6.4,09:45,12:22,Atlanta,0,585,742
2062,6.4,09:45,13:22,Santiago,1,585,802
2063,6.4,10:00,13:00,Orlando,0,600,780
2064,6.4,10:00,13:20,Cancun,1,600,800
2065,6.4,10:00,12:30,Halifax,1,600,750
2066,6.4,10:05,14:35,Mexico City,1,605,875
2067,6.4,10:17,14:46,Panama City,0,617,886
2068,6.4,10:18,13:20,Cancun,1,618,800
2069,6.4,10:20,14:52,Aruba,1,620,892
2070,6.4,10:25,13:54,Salt Lake City,0,625,834
2071,6.4,10:30,13:36,Miami,0,630,816
2072,6.4,10:30,14:06,San Francisco,0,630,846
2073,6.4,10:30,12:51,Savannah,0,630,771
2074,6.4,10:30,13:32,Tampa,0,630,812
2075,6.4,10:32,13:27,West Palm Beach,0,632,807
2076,6.4,10:45,14:26,Santiago,1,645,866
2077,6.4,11:00,14:03,Fort Lauderdale,0,660,843
2078,6.4,11:00,14:18,Los Angeles,0,660,858
2079,6.4,11:15,14:25,Fort Myers,0,675,865
2080,6.4,11:20,07:50,Dubai,1,680,470
2081,6.4,11:28,14:21,Orlando,0,688,861
2082,6.4,11:30,14:21,Orlando,0,690,861
2083,6.4,11:30,14:34,Sarasota,0,690,874
2084,6.4,11:41,13:49,Charlotte,0,701,829
2085,6.4,11:45,15:29,Santo Domingo,1,705,929
2086,6.4,11:45,14:45,Cancun,1,705,885
2087,6.4,11:56,15:44,Santiago,1,716,944
2088,6.4,11:57,15:05,Miami,0,717,905
2089,6.4,11:59,14:25,Atlanta,0,719,865
2090,6.4,12:00,15:20,Los Angeles,0,720,920
2091,6.4,12:00,14:55,Tampa,0,720,895
2092,6.4,12:00,15:05,Fort Lauderdale,0,720,905
2093,6.4,12:10,13:23,Martha's Vineyard,0,730,803
2094,6.4,12:30,16:12,Santo Domingo,1,750,972
2095,6.4,12:30,15:37,Miami,0,750,937
2096,6.4,13:00,05:20,Istanbul,1,780,320
2097,6.4,13:00,16:39,Santo Domingo,1,780,999
2098,6.4,13:05,15:13,Detroit,0,785,913
2099,6.4,13:15,16:35,Tokyo,0,795,995
2100,6.4,13:30,16:33,Miami,0,810,993
2101,6.4,13:30,16:10,Chicago,0,810,970
2102,6.4,13:35,16:27,Orlando,0,815,987
2103,6.4,13:45,17:29,San Juan,1,825,1049
2104,6.4,13:45,18:45,Bogota,1,825,1125
2105,6.4,13:45,16:45,West Palm Beach,0,825,1005
2106,6.4,14:00,17:19,Los Angeles,0,840,1039
2107,6.4,14:00,17:04,Tampa,0,840,1024
2108,6.4,14:05,17:50,Santo Domingo,1,845,1070
2109,6.4,14:13,16:44,Jacksonville,0,853,1004
2110,6.4,14:24,16:44,Savannah,0,864,1004
2111,6.4,14:30,17:40,Miami,0,870,1060
2112,6.4,14:55,16:30,Buffalo,0,895,990
2113,6.4,14:55,16:23,Rochester,0,895,983
2114,6.4,14:55,16:30,Washington,0,895,990
2115,6.4,14:55,16:42,Raleigh/Durham,0,895,1002
2116,6.4,14:56,18:37,Santiago,1,896,1117
2117,6.4,14:59,18:11,Fort Lauderdale,0,899,1091
2118,6.4,15:00,16:15,Syracuse,0,900,975
2119,6.4,15:05,17:26,Minneapolis,0,905,1046
2120,6.4,15:05,19:25,Mexico City,1,905,1165
2121,6.4,15:20,20:10,Mexico City,1,920,1210
2122,6.4,15:25,18:43,Miami,0,925,1123
2123,6.4,15:35,18:47,Fort Lauderdale,0,935,1127
2124,6.4,15:35,18:34,Orlando,0,935,1114
2125,6.4,15:40,18:42,Orlando,0,940,1122
2126,6.4,15:45,18:21,Atlanta,0,945,1101
2127,6.4,15:45,05:45,Frankfurt,1,945,345
2128,6.4,15:55,19:10,Fort Myers,0,955,1150
2129,6.4,15:59,19:03,West Palm Beach,0,959,1143
2130,6.4,15:59,19:55,San Juan,1,959,1195
2131,6.4,15:59,19:03,Tampa,0,959,1143
2132,6.4,16:00,18:37,Jacksonville,0,960,1117
2133,6.4,16:10,19:35,Los Angeles,0,970,1175
2134,6.4,16:30,20:09,Santiago,1,990,1209
2135,6.4,16:30,20:17,Santo Domingo,1,990,1217
2136,6.4,16:30,19:41,Miami,0,990,1181
2137,6.4,16:38,20:00,Los Angeles,0,998,1200
2138,6.4,16:39,19:39,Orlando,0,999,1179
2139,6.4,16:41,20:16,Salt Lake City,0,1001,1216
2140,6.4,16:45,18:03,Boston,0,1005,1083
2141,6.4,16:55,20:10,Los Angeles,0,1015,1210
2142,6.4,16:59,20:57,San Francisco,0,1019,1257
2143,6.4,17:00,20:30,Los Angeles,0,1020,1230
2144,6.4,17:00,07:35,Rome,0,1020,455
2145,6.4,17:00,20:20,Miami,0,1020,1220
2146,6.4,17:10,19:01,Chicago,0,1030,1141
2147,6.4,17:15,20:40,Los Angeles,0,1035,1240
2148,6.4,17:15,04:50,Dublin,1,1035,290
2149,6.4,17:20,06:50,Amsterdam,1,1040,410
2150,6.4,17:20,20:41,Seattle,0,1040,1241
2151,6.4,17:30,19:45,Charlotte,0,1050,1185
2152,6.4,17:30,21:19,San Francisco,0,1050,1279
2153,6.4,17:30,19:44,Detroit,0,1050,1184
2154,6.4,17:30,20:55,Austin,0,1050,1255
2155,6.4,17:35,06:55,Paris,1,1055,415
2156,6.4,17:49,21:00,Fort Lauderdale,0,1069,1260
2157,6.4,17:54,20:45,Phoenix,0,1074,1245
2158,6.4,17:55,21:35,Seoul,1,1075,1295
2159,6.4,18:00,22:45,Mexico City,1,1080,1365
2160,6.4,18:00,21:14,Fort Lauderdale,0,1080,1274
2161,6.4,18:00,21:32,Los Angeles,0,1080,1292
2162,6.4,18:10,06:20,London,1,1090,380
2163,6.4,18:15,21:15,Tokyo,0,1095,1275
2164,6.4,18:30,22:10,San Francisco,0,1110,1330
2165,6.4,18:30,21:48,Miami,0,1110,1308
2166,6.4,18:30,22:00,Seattle,0,1110,1320
2167,6.4,18:30,07:45,Amsterdam,1,1110,465
2168,6.4,18:30,08:00,Paris,1,1110,480
2169,6.4,18:45,21:15,Atlanta,0,1125,1275
2170,6.4,18:59,22:51,San Juan,1,1139,1371
2171,6.4,18:59,22:08,San Salvador,1,1139,1328
2172,6.4,19:00,22:34,Los Angeles,0,1140,1354
2173,6.4,19:00,22:23,Los Angeles,0,1140,1343
2174,6.4,19:00,07:10,London,1,1140,430
2175,6.4,19:10,09:05,Milan,1,1150,545
2176,6.4,19:20,22:39,Austin,0,1160,1359
2177,6.4,19:20,11:45,Moscow,1,1160,705
2178,6.4,19:25,23:29,San Francisco,0,1165,1409
2179,6.4,19:29,22:51,Miami,0,1169,1371
2180,6.4,19:30,22:28,Orlando,0,1170,1348
2181,6.4,19:30,07:10,Dakar,1,1170,430
2182,6.4,19:30,09:10,Paris,1,1170,550
2183,6.4,19:30,23:25,San Juan,1,1170,1405
2184,6.4,19:40,22:27,Phoenix,0,1180,1347
2185,6.4,19:40,21:20,Washington,0,1180,1280
2186,6.4,19:45,21:44,Raleigh/Durham,0,1185,1304
2187,6.4,19:45,10:35,Rome,0,1185,635
2188,6.4,19:59,23:08,Las Vegas,0,1199,1388
2189,6.4,19:59,23:22,Fort Lauderdale,0,1199,1402
2190,6.4,19:59,22:46,Jacksonville,0,1199,1366
2191,6.4,19:59,21:34,Rochester,0,1199,1294
2192,6.4,19:59,21:30,Burlington,0,1199,1290
2193,6.4,19:59,22:30,Charleston,0,1199,1350
2194,6.4,20:00,23:46,Santiago,1,1200,1426
2195,6.4,20:00,08:10,London,1,1200,490
2196,6.4,20:10,23:10,Orlando,0,1210,1390
2197,6.4,20:10,08:20,London,1,1210,500
2198,6.4,20:30,10:15,Paris,1,1230,615
2199,6.4,20:30,09:45,Paris,1,1230,585
2200,6.4,20:30,01:24,Bogota,1,1230,84
2201,6.4,20:35,00:26,Santo Domingo,1,1235,26
2202,6.4,20:40,08:30,Casablanca,1,1240,510
2203,6.4,20:55,16:25,Doha,1,1255,985
2204,6.4,20:59,22:36,Buffalo,0,1259,1356
2205,6.4,20:59,22:18,Syracuse,0,1259,1338
2206,6.4,21:00,22:31,Buffalo,0,1260,1351
2207,6.4,21:05,17:50,Abu Dhabi,1,1265,1070
2208,6.4,21:29,22:49,Boston,0,1289,1369
2209,6.4,21:35,09:40,London,1,1295,580
2210,6.4,22:00,23:14,Boston,0,1320,1394
2211,6.4,22:00,11:20,Amsterdam,1,1320,680
2212,6.4,22:25,09:15,Sao Paulo,1,1345,555
2213,6.4,22:30,05:20,Singapore,1,1350,320
2214,6.4,22:30,02:09,Santiago,1,1350,129
2215,6.4,23:00,19:45,Dubai,1,1380,1185
2216,6.4,23:00,02:43,Santo Domingo,1,1380,163
2217,6.4,23:20,16:00,Istanbul,1,1400,960
2218,6.4,23:20,06:05,Lima,1,1400,365
2219,6.4,23:47,17:35,Tel Aviv-Yafo,1,1427,1055
2220,6.4,23:50,17:20,Tel Aviv-Yafo,1,1430,1040
2221,6.4,23:50,03:35,San Juan,1,1430,215
2222,6.4,23:55,13:50,Accra,1,1435,830
2223,6.4,23:59,03:43,Aguadilla,0,1439,223
