,Date,Departure,Arrival,POI,I/D,Departure_M,Arrival_M,Before_Arrivals,After_Arrivals
0,0.4,01:15,03:00,Chicago,0,75,180,0,0
1,0.4,02:05,05:55,Anchorage,0,125,355,0,2
2,0.4,02:12,06:41,Panama City,0,132,401,1,1
3,0.4,02:20,05:20,Houston,0,140,320,2,0
4,0.4,05:40,08:41,Fort Lauderdale,0,340,521,0,2
5,0.4,06:00,08:33,Atlanta,0,360,513,2,3
6,0.4,06:00,09:09,Miami,0,360,549,2,3
7,0.4,06:14,08:21,Charlotte,0,374,501,2,1
8,0.4,06:29,08:09,Cincinnati,0,389,489,3,3
9,0.4,06:45,07:55,Boston,0,405,475,1,12
10,0.4,06:55,10:33,Salt Lake City,0,415,633,2,13
11,0.4,06:59,10:24,Los Angeles,0,419,624,3,13
12,0.4,07:00,10:23,Seattle,0,420,623,6,15
13,0.4,07:00,12:40,Georgetown,0,420,760,6,15
14,0.4,07:00,12:51,Georgetown,0,420,771,6,15
15,0.4,07:00,10:17,Fort Myers,0,420,617,6,15
16,0.4,07:01,07:34,Hartford,0,421,454,7,11
17,0.4,07:05,10:08,Tampa,0,425,608,8,10
18,0.4,07:10,10:33,Seattle,0,430,633,11,9
19,0.4,07:10,10:17,Fort Lauderdale,0,430,617,11,9
20,0.4,07:10,10:18,Miami,0,430,618,11,9
21,0.4,07:15,09:33,Minneapolis,0,435,573,12,8
22,0.4,07:19,10:13,Orlando,0,439,613,12,7
23,0.4,07:25,10:39,Fort Myers,0,445,639,13,8
24,0.4,07:29,10:36,Fort Worth,0,449,636,13,10
25,0.4,07:30,10:03,Jacksonville,0,450,603,15,14
26,0.4,07:30,10:50,Austin,0,450,650,15,14
27,0.4,07:30,11:08,San Francisco,0,450,668,15,14
28,0.4,07:45,11:13,San Diego,0,465,673,8,13
29,0.4,07:45,11:00,Miami,0,465,660,8,13
30,0.4,07:50,10:30,Denver,0,470,630,7,13
31,0.4,07:55,11:42,Louisville,0,475,702,8,14
32,0.4,07:59,11:56,San Francisco,0,479,716,10,13
33,0.4,07:59,11:14,Miami,0,479,674,10,13
34,0.4,07:59,11:41,San Francisco,0,479,701,10,13
35,0.4,08:00,11:11,Fort Lauderdale,0,480,671,14,12
36,0.4,08:00,09:44,Raleigh/Durham,0,480,584,14,12
37,0.4,08:00,10:38,Jacksonville,0,480,638,14,12
38,0.4,08:00,11:58,Saint Thomas,0,480,718,14,12
39,0.4,08:00,11:28,Los Angeles,0,480,688,14,12
40,0.4,08:01,11:09,San Diego,0,481,669,12,7
41,0.4,08:15,11:35,Los Angeles,0,495,695,13,9
42,0.4,08:20,10:59,Atlanta,0,500,659,13,9
43,0.4,08:20,12:00,Anchorage,0,500,720,13,9
44,0.4,08:25,11:52,San Jose,0,505,712,14,7
45,0.4,08:25,11:10,New Orleans,0,505,670,14,7
46,0.4,08:30,11:32,Orlando,0,510,692,12,10
47,0.4,08:30,10:12,Memphis,0,510,612,12,10
48,0.4,08:35,11:40,Las Vegas,0,515,700,7,9
49,0.4,08:40,11:44,Sarasota,0,520,704,9,10
50,0.4,08:40,13:20,Anchorage,0,520,800,9,10
51,0.4,08:48,11:49,Tampa,0,528,709,9,9
52,0.4,09:00,12:12,Fort Lauderdale,0,540,732,10,9
53,0.4,09:00,11:48,Louisville,0,540,708,10,9
54,0.4,09:00,12:08,Los Angeles,0,540,728,10,9
55,0.4,09:00,11:15,Charleston,0,540,675,10,9
56,0.4,09:00,12:02,West Palm Beach,0,540,722,10,9
57,0.4,09:05,11:51,Phoenix,0,545,711,9,5
58,0.4,09:10,10:57,Raleigh/Durham,0,550,657,10,6
59,0.4,09:10,10:55,Memphis,0,550,655,10,6
60,0.4,09:15,10:58,Chicago,0,555,658,9,7
61,0.4,09:30,10:42,Boston,0,570,642,9,7
62,0.4,09:35,12:58,Seattle,0,575,778,5,6
63,0.4,09:37,11:50,Detroit,0,577,710,5,5
64,0.4,09:40,13:01,Salt Lake City,0,580,781,6,4
65,0.4,09:42,12:05,Charleston,0,582,725,5,3
66,0.4,09:45,12:24,Atlanta,0,585,744,7,3
67,0.4,09:45,12:36,Las Vegas,0,585,756,7,3
68,0.4,09:59,12:10,Charlotte,0,599,730,7,3
69,0.4,10:15,13:18,Houston,0,615,798,3,6
70,0.4,10:17,14:46,Panama City,0,617,886,2,5
71,0.4,10:25,13:54,Salt Lake City,0,625,834,3,4
72,0.4,10:30,12:51,Savannah,0,630,771,5,5
73,0.4,10:30,13:11,Vail,0,630,791,5,5
74,0.4,10:30,13:32,Tampa,0,630,812,5,5
75,0.4,10:39,11:27,Trenton,0,639,687,6,2
76,0.4,11:00,13:58,West Palm Beach,0,660,838,5,3
77,0.4,11:00,14:03,Fort Lauderdale,0,660,843,5,3
78,0.4,11:28,14:21,Orlando,0,688,861,2,4
79,0.4,11:30,14:23,Orlando,0,690,863,3,11
80,0.4,11:31,14:53,Los Angeles,0,691,893,2,10
81,0.4,11:52,14:00,Charlotte,0,712,840,3,12
82,0.4,11:57,15:05,Miami,0,717,905,4,11
83,0.4,11:59,14:23,Atlanta,0,719,863,4,10
84,0.4,12:00,15:00,Tokyo,0,720,900,11,9
85,0.4,12:00,15:14,Miami,0,720,914,11,9
86,0.4,12:00,14:12,Cincinnati,0,720,852,11,9
87,0.4,12:00,14:19,Cincinnati,0,720,859,11,9
88,0.4,12:00,15:20,Los Angeles,0,720,920,11,9
89,0.4,12:00,15:06,Fort Lauderdale,0,720,906,11,9
90,0.4,12:00,15:24,Los Angeles,0,720,924,11,9
91,0.4,12:10,13:23,Martha's Vineyard,0,730,803,10,2
92,0.4,12:15,13:44,Chicago,0,735,824,12,1
93,0.4,12:15,13:05,Middletown,0,735,785,12,1
94,0.4,13:15,16:35,Tokyo,0,795,995,0,2
95,0.4,13:35,16:31,Orlando,0,815,991,2,3
96,0.4,13:35,16:20,Phoenix,0,815,980,2,3
97,0.4,14:00,16:29,Denver,0,840,989,3,3
98,0.4,14:00,17:04,Tampa,0,840,1024,3,3
99,0.4,14:13,16:44,Jacksonville,0,853,1004,2,1
100,0.4,14:30,17:46,Miami,0,870,1066,3,7
101,0.4,14:54,18:12,Fort Lauderdale,0,894,1092,1,7
102,0.4,14:55,16:42,Raleigh/Durham,0,895,1002,5,7
103,0.4,14:55,16:23,Rochester,0,895,983,5,7
104,0.4,14:55,16:30,Buffalo,0,895,990,5,7
105,0.4,14:55,16:30,Washington,0,895,990,5,7
106,0.4,15:00,18:06,Sun Valley,0,900,1086,7,4
107,0.4,15:00,16:15,Syracuse,0,900,975,7,4
108,0.4,15:05,17:26,Minneapolis,0,905,1046,7,4
109,0.4,15:25,18:43,Miami,0,925,1123,7,7
110,0.4,15:29,18:34,West Palm Beach,0,929,1114,4,6
111,0.4,15:35,18:34,Orlando,0,935,1114,4,6
112,0.4,15:35,18:47,Fort Lauderdale,0,935,1127,4,6
113,0.4,15:40,18:45,Orlando,0,940,1125,4,5
114,0.4,15:45,18:21,Atlanta,0,945,1101,5,4
115,0.4,15:47,18:59,Fort Myers,0,947,1139,6,3
116,0.4,15:50,21:33,Georgetown,0,950,1293,7,3
117,0.4,16:05,19:27,Fort Myers,0,965,1167,6,4
118,0.4,16:10,19:35,Los Angeles,0,970,1175,5,5
119,0.4,16:18,19:40,Miami,0,978,1180,3,7
120,0.4,16:30,19:35,Tampa,0,990,1175,3,10
121,0.4,16:33,19:50,Miami,0,993,1190,4,9
122,0.4,16:39,19:39,Orlando,0,999,1179,4,8
123,0.4,16:40,20:15,Los Angeles,0,1000,1215,5,8
124,0.4,16:41,19:18,Atlanta,0,1001,1158,6,7
125,0.4,16:41,20:16,Salt Lake City,0,1001,1216,6,7
126,0.4,16:45,18:03,Boston,0,1005,1083,7,7
127,0.4,16:55,20:33,Tokyo,0,1015,1233,8,7
128,0.4,16:55,20:20,Tokyo,0,1015,1220,8,7
129,0.4,16:59,20:57,San Francisco,0,1019,1257,9,5
130,0.4,17:00,20:25,Los Angeles,0,1020,1225,10,6
131,0.4,17:10,19:01,Chicago,0,1030,1141,8,6
132,0.4,17:15,20:40,Los Angeles,0,1035,1240,7,6
133,0.4,17:15,07:30,Rome,0,1035,450,7,6
134,0.4,17:20,20:41,Seattle,0,1040,1241,7,4
135,0.4,17:30,20:55,Austin,0,1050,1255,6,6
136,0.4,17:30,19:44,Detroit,0,1050,1184,6,6
137,0.4,17:31,19:46,Charlotte,0,1051,1186,6,4
138,0.4,17:45,20:54,Fort Lauderdale,0,1065,1254,6,4
139,0.4,17:54,21:03,Fort Lauderdale,0,1074,1263,4,3
140,0.4,17:55,21:37,San Francisco,0,1075,1297,5,2
141,0.4,18:00,21:49,San Francisco,0,1080,1309,6,3
142,0.4,18:15,21:15,Tokyo,0,1095,1275,4,4
143,0.4,18:30,21:51,Los Angeles,0,1110,1311,3,6
144,0.4,18:30,21:44,Portland,0,1110,1304,3,6
145,0.4,18:45,22:35,San Francisco,0,1125,1355,4,5
146,0.4,18:45,21:15,Atlanta,0,1125,1275,4,5
147,0.4,18:55,21:24,Savannah,0,1135,1284,4,4
148,0.4,19:00,22:34,Los Angeles,0,1140,1354,6,5
149,0.4,19:00,20:35,Rockford,0,1140,1235,6,5
150,0.4,19:15,22:11,Lakeland,0,1155,1331,5,5
151,0.4,19:25,23:29,San Francisco,0,1165,1409,4,5
152,0.4,19:29,22:51,Miami,0,1169,1371,4,9
153,0.4,19:30,22:24,Orlando,0,1170,1344,5,9
154,0.4,19:40,21:20,Washington,0,1180,1280,4,9
155,0.4,19:45,21:44,Raleigh/Durham,0,1185,1304,5,9
156,0.4,19:50,22:34,Phoenix,0,1190,1354,5,8
157,0.4,19:59,23:08,Las Vegas,0,1199,1388,9,7
158,0.4,19:59,21:30,Burlington,0,1199,1290,9,7
159,0.4,19:59,23:24,Miami,0,1199,1404,9,7
160,0.4,19:59,23:22,Fort Lauderdale,0,1199,1402,9,7
161,0.4,19:59,21:34,Rochester,0,1199,1294,9,7
162,0.4,20:00,20:42,Westchester County,0,1200,1242,9,2
163,0.4,20:10,23:10,Orlando,0,1210,1390,9,1
164,0.4,20:15,22:25,Atlanta,0,1215,1345,9,0
165,0.4,20:55,00:18,Los Angeles,0,1255,18,0,5
166,0.4,20:59,22:36,Buffalo,0,1259,1356,2,5
167,0.4,20:59,22:18,Syracuse,0,1259,1338,2,5
168,0.4,21:00,22:17,Boston,0,1260,1337,5,3
169,0.4,21:00,22:22,Syracuse,0,1260,1342,5,3
170,0.4,21:00,22:33,Buffalo,0,1260,1353,5,3
171,0.4,21:29,22:49,Boston,0,1289,1369,5,2
172,0.4,21:40,23:25,Chicago,0,1300,1405,1,2
173,0.4,21:55,23:38,Memphis,0,1315,1418,2,1
174,0.4,22:00,00:51,Phoenix,0,1320,51,2,1
175,0.4,22:30,00:30,Chicago,0,1350,30,1,4
176,0.4,22:37,23:55,Rockford,0,1357,1435,1,4
177,0.4,22:43,00:26,Memphis,0,1363,26,2,4
178,0.4,22:47,00:47,Indianapolis,0,1367,47,3,3
179,0.4,22:50,00:52,Louisville,0,1370,52,4,2
180,0.4,23:05,23:39,Philadelphia,0,1385,1419,4,1
181,0.4,23:10,00:58,Cincinnati,0,1390,58,4,0
182,1.4,08:40,13:20,Anchorage,0,520,800,8,13
183,1.4,02:12,06:41,Panama City,0,132,401,0,0
184,1.4,03:01,14:48,Shannon,0,181,888,0,0
185,1.4,04:15,07:07,Anchorage,0,255,427,0,1
186,1.4,04:40,08:13,Anchorage,0,280,493,1,0
187,1.4,05:40,08:41,Fort Lauderdale,0,340,521,0,2
188,1.4,06:00,08:33,Atlanta,0,360,513,2,3
189,1.4,06:00,09:09,Miami,0,360,549,2,3
190,1.4,06:14,08:21,Charlotte,0,374,501,2,1
191,1.4,06:29,08:17,Cincinnati,0,389,497,3,3
192,1.4,06:45,07:54,Boston,0,405,474,1,11
193,1.4,06:55,10:33,Salt Lake City,0,415,633,2,13
194,1.4,06:59,10:24,Los Angeles,0,419,624,3,13
195,1.4,07:00,10:17,Fort Myers,0,420,617,4,14
196,1.4,07:00,12:51,Georgetown,0,420,771,4,14
197,1.4,07:05,10:08,Tampa,0,425,608,5,12
198,1.4,07:10,10:33,Seattle,0,430,633,9,11
199,1.4,07:10,09:43,Jacksonville,0,430,583,9,11
200,1.4,07:10,10:18,Miami,0,430,618,9,11
201,1.4,07:10,10:17,Fort Lauderdale,0,430,617,9,11
202,1.4,07:15,09:33,Minneapolis,0,435,573,11,9
203,1.4,07:15,09:47,Atlanta,0,435,587,11,9
204,1.4,07:19,10:13,Orlando,0,439,613,11,7
205,1.4,07:20,10:34,Los Angeles,0,440,634,12,7
206,1.4,07:25,10:34,Fort Myers,0,445,634,13,7
207,1.4,07:29,10:06,Fort Worth,0,449,606,13,8
208,1.4,07:30,10:50,Austin,0,450,650,14,14
209,1.4,07:30,11:08,San Francisco,0,450,668,14,14
210,1.4,07:45,11:00,Miami,0,465,660,9,14
211,1.4,07:45,11:13,San Diego,0,465,673,9,14
212,1.4,07:50,10:30,Denver,0,470,630,7,13
213,1.4,07:55,09:49,Louisville,0,475,589,7,13
214,1.4,07:59,11:38,San Francisco,0,479,698,8,12
215,1.4,07:59,11:56,San Francisco,0,479,716,8,12
216,1.4,08:00,10:35,Jacksonville,0,480,635,14,14
217,1.4,08:00,11:07,Fort Lauderdale,0,480,667,14,14
218,1.4,08:00,10:10,Charleston,0,480,610,14,14
219,1.4,08:00,09:43,Raleigh/Durham,0,480,583,14,14
220,1.4,08:00,11:28,Los Angeles,0,480,688,14,14
221,1.4,08:00,11:09,Miami,0,480,669,14,14
222,1.4,08:00,11:58,Saint Thomas,0,480,718,14,14
223,1.4,08:01,11:09,San Diego,0,481,669,13,7
224,1.4,08:05,11:11,Dallas,0,485,671,14,7
225,1.4,08:20,10:59,Atlanta,0,500,659,13,8
226,1.4,08:25,11:10,New Orleans,0,505,670,13,7
227,1.4,08:30,11:29,Tampa,0,510,689,14,13
228,1.4,08:30,10:21,Memphis,0,510,621,14,13
229,1.4,08:30,11:49,Austin,0,510,709,14,13
230,1.4,08:30,11:30,Orlando,0,510,690,14,13
231,1.4,08:35,11:40,Las Vegas,0,515,700,7,12
232,1.4,08:40,11:44,Sarasota,0,520,704,8,13
233,1.4,09:00,12:01,West Palm Beach,0,540,721,13,15
234,1.4,09:00,12:08,Los Angeles,0,540,728,13,15
235,1.4,09:00,11:40,Orlando,0,540,700,13,15
236,1.4,09:00,11:04,Louisville,0,540,664,13,15
237,1.4,09:00,12:09,Palm Springs,0,540,729,13,15
238,1.4,09:00,10:45,Chicago,0,540,645,13,15
239,1.4,09:00,12:23,Seattle,0,540,743,13,15
240,1.4,09:05,12:30,Los Angeles,0,545,750,12,9
241,1.4,09:05,11:01,Detroit,0,545,661,12,9
242,1.4,09:05,11:51,Phoenix,0,545,711,12,9
243,1.4,09:10,10:52,Memphis,0,550,652,13,8
244,1.4,09:10,10:57,Raleigh/Durham,0,550,657,13,8
245,1.4,09:15,10:58,Chicago,0,555,658,12,9
246,1.4,09:29,12:50,Nassau,0,569,770,13,11
247,1.4,09:30,10:42,Boston,0,570,642,15,13
248,1.4,09:30,09:39,Newark,0,570,579,15,13
249,1.4,09:35,12:58,Seattle,0,575,778,9,12
250,1.4,09:37,11:50,Detroit,0,577,710,7,11
251,1.4,09:40,13:01,Salt Lake City,0,580,781,8,11
252,1.4,09:42,12:05,Charleston,0,582,725,7,10
253,1.4,09:45,12:22,Atlanta,0,585,742,9,10
254,1.4,09:45,12:34,Las Vegas,0,585,754,9,10
255,1.4,09:59,13:25,Key West,0,599,805,11,10
256,1.4,09:59,12:10,Charlotte,0,599,730,11,10
257,1.4,09:59,11:31,Nashville,0,599,691,11,10
258,1.4,10:00,15:25,Honolulu,0,600,925,13,10
259,1.4,10:00,11:27,Rochester,0,600,687,13,10
260,1.4,10:00,13:09,Fort Lauderdale,0,600,789,13,10
261,1.4,10:05,11:35,Buffalo,0,605,695,12,8
262,1.4,10:10,11:24,Syracuse,0,610,684,11,7
263,1.4,10:15,13:18,Houston,0,615,798,10,7
264,1.4,10:17,14:46,Panama City,0,617,886,9,6
265,1.4,10:25,13:54,Salt Lake City,0,625,834,10,5
266,1.4,10:30,13:32,Tampa,0,630,812,10,5
267,1.4,10:30,13:11,Vail,0,630,791,10,5
268,1.4,10:30,12:51,Savannah,0,630,771,10,5
269,1.4,10:32,13:27,West Palm Beach,0,632,807,8,2
270,1.4,10:41,11:57,Rochester,0,641,717,7,2
271,1.4,11:00,14:03,Fort Lauderdale,0,660,843,5,4
272,1.4,11:05,14:21,Seattle,0,665,861,2,4
273,1.4,11:28,14:21,Orlando,0,688,861,2,6
274,1.4,11:30,14:21,Orlando,0,690,861,4,11
275,1.4,11:30,13:04,Detroit,0,690,784,4,11
276,1.4,11:31,14:53,Los Angeles,0,691,893,4,9
277,1.4,11:52,14:00,Charlotte,0,712,840,4,9
278,1.4,11:55,13:40,Raleigh/Durham,0,715,820,5,8
279,1.4,11:57,15:05,Miami,0,717,905,6,7
280,1.4,11:59,14:25,Atlanta,0,719,865,6,6
281,1.4,12:00,15:40,San Francisco,0,720,940,11,5
282,1.4,12:00,15:05,Fort Lauderdale,0,720,905,11,5
283,1.4,12:00,15:20,Los Angeles,0,720,920,11,5
284,1.4,12:00,15:08,Miami,0,720,908,11,5
285,1.4,12:00,15:24,Los Angeles,0,720,924,11,5
286,1.4,12:10,13:23,Martha's Vineyard,0,730,803,9,0
287,1.4,13:05,15:13,Detroit,0,785,913,0,3
288,1.4,13:15,16:35,Tokyo,0,795,995,1,2
289,1.4,13:35,16:27,Orlando,0,815,987,3,5
290,1.4,13:35,16:20,Phoenix,0,815,980,3,5
291,1.4,13:52,16:10,Charleston,0,832,970,2,4
292,1.4,13:57,15:12,Burlington,0,837,912,3,4
293,1.4,14:00,16:29,Denver,0,840,989,5,5
294,1.4,14:00,17:04,Tampa,0,840,1024,5,5
295,1.4,14:13,16:44,Jacksonville,0,853,1004,4,4
296,1.4,14:26,16:46,Savannah,0,866,1006,4,8
297,1.4,14:30,17:46,Miami,0,870,1066,5,9
298,1.4,14:30,22:00,Panama City,0,870,1320,5,9
299,1.4,14:35,17:05,New Orleans,0,875,1025,4,8
300,1.4,14:54,18:06,Fort Lauderdale,0,894,1086,4,8
301,1.4,14:55,16:42,Raleigh/Durham,0,895,1002,8,8
302,1.4,14:55,16:30,Washington,0,895,990,8,8
303,1.4,14:55,16:30,Buffalo,0,895,990,8,8
304,1.4,14:55,16:23,Rochester,0,895,983,8,8
305,1.4,15:00,16:15,Syracuse,0,900,975,9,5
306,1.4,15:00,16:54,Chicago,0,900,1014,9,5
307,1.4,15:05,17:26,Minneapolis,0,905,1046,8,5
308,1.4,15:10,18:17,Sarasota,0,910,1097,8,5
309,1.4,15:25,18:43,Miami,0,925,1123,8,7
310,1.4,15:29,18:33,West Palm Beach,0,929,1113,5,7
311,1.4,15:35,18:34,Orlando,0,935,1114,5,8
312,1.4,15:35,18:47,Fort Lauderdale,0,935,1127,5,8
313,1.4,15:40,18:42,Orlando,0,940,1122,5,7
314,1.4,15:45,18:21,Atlanta,0,945,1101,5,6
315,1.4,15:47,18:59,Fort Myers,0,947,1139,6,5
316,1.4,15:55,18:59,Las Vegas,0,955,1139,7,5
317,1.4,15:59,18:50,New Orleans,0,959,1130,7,4
318,1.4,16:00,18:37,Jacksonville,0,960,1117,7,4
319,1.4,16:05,19:27,Fort Myers,0,965,1167,8,4
320,1.4,16:10,19:35,Los Angeles,0,970,1175,7,5
321,1.4,16:18,19:40,Miami,0,978,1180,5,7
322,1.4,16:30,19:31,Tampa,0,990,1171,4,7
323,1.4,16:33,19:44,Miami,0,993,1184,4,6
324,1.4,16:39,19:39,Orlando,0,999,1179,4,5
325,1.4,16:40,20:15,Los Angeles,0,1000,1215,5,6
326,1.4,16:41,20:16,Salt Lake City,0,1001,1216,6,5
327,1.4,16:41,19:17,Atlanta,0,1001,1157,6,5
328,1.4,16:45,18:03,Boston,0,1005,1083,7,5
329,1.4,16:59,20:57,San Francisco,0,1019,1257,7,5
330,1.4,17:10,20:47,San Francisco,0,1030,1247,6,7
331,1.4,17:10,19:01,Chicago,0,1030,1141,6,7
332,1.4,17:15,20:40,Los Angeles,0,1035,1240,5,6
333,1.4,17:15,22:55,Georgetown,0,1035,1375,5,6
334,1.4,17:20,20:41,Seattle,0,1040,1241,5,4
335,1.4,17:30,19:44,Detroit,0,1050,1184,6,6
336,1.4,17:30,20:55,Austin,0,1050,1255,6,6
337,1.4,17:31,19:46,Charlotte,0,1051,1186,7,4
338,1.4,17:45,20:54,Fort Lauderdale,0,1065,1254,6,5
339,1.4,17:54,21:03,Fort Lauderdale,0,1074,1263,4,5
340,1.4,17:55,21:37,San Francisco,0,1075,1297,5,4
341,1.4,18:00,21:49,San Francisco,0,1080,1309,6,6
342,1.4,18:15,22:40,Anchorage,0,1095,1360,5,8
343,1.4,18:15,21:15,Tokyo,0,1095,1275,5,8
344,1.4,18:24,21:58,Salt Lake City,0,1104,1318,5,7
345,1.4,18:30,21:44,Portland,0,1110,1304,6,10
346,1.4,18:30,19:51,Boston,0,1110,1191,6,10
347,1.4,18:30,21:51,Los Angeles,0,1110,1311,6,10
348,1.4,18:45,22:35,San Francisco,0,1125,1355,8,9
349,1.4,18:45,21:35,Las Vegas,0,1125,1295,8,9
350,1.4,18:45,21:15,Atlanta,0,1125,1275,8,9
351,1.4,18:51,21:39,Phoenix,0,1131,1299,7,6
352,1.4,18:55,21:24,Savannah,0,1135,1284,7,6
353,1.4,19:00,22:29,Los Angeles,0,1140,1349,10,7
354,1.4,19:00,22:34,Los Angeles,0,1140,1354,10,7
355,1.4,19:00,20:13,Rockford,0,1140,1213,10,7
356,1.4,19:10,22:38,Los Angeles,0,1150,1358,8,5
357,1.4,19:15,21:37,Lakeland,0,1155,1297,9,7
358,1.4,19:25,23:29,San Francisco,0,1165,1409,6,8
359,1.4,19:29,22:51,Miami,0,1169,1371,6,14
360,1.4,19:30,22:24,Orlando,0,1170,1344,7,13
361,1.4,19:40,21:20,Washington,0,1180,1280,5,13
362,1.4,19:45,10:35,Rome,0,1185,635,7,13
363,1.4,19:45,22:46,Albuquerque,0,1185,1366,7,13
364,1.4,19:45,21:44,Raleigh/Durham,0,1185,1304,7,13
365,1.4,19:50,22:34,Phoenix,0,1190,1354,7,10
366,1.4,19:55,10:45,Belgrade,0,1195,645,8,9
367,1.4,19:59,23:22,Fort Lauderdale,0,1199,1402,14,8
368,1.4,19:59,22:30,Charleston,0,1199,1350,14,8
369,1.4,19:59,21:30,Burlington,0,1199,1290,14,8
370,1.4,19:59,22:46,Jacksonville,0,1199,1366,14,8
371,1.4,19:59,23:17,Miami,0,1199,1397,14,8
372,1.4,19:59,23:08,Las Vegas,0,1199,1388,14,8
373,1.4,19:59,21:34,Rochester,0,1199,1294,14,8
374,1.4,20:10,23:10,Orlando,0,1210,1390,13,1
375,1.4,20:15,22:19,Atlanta,0,1215,1339,13,0
376,1.4,20:55,00:18,Los Angeles,0,1255,18,0,5
377,1.4,20:59,22:36,Buffalo,0,1259,1356,2,5
378,1.4,20:59,22:18,Syracuse,0,1259,1338,2,5
379,1.4,21:00,22:16,Boston,0,1260,1336,5,3
380,1.4,21:00,22:31,Buffalo,0,1260,1351,5,3
381,1.4,21:00,22:18,Syracuse,0,1260,1338,5,3
382,1.4,21:29,22:49,Boston,0,1289,1369,5,1
383,1.4,21:55,23:20,Memphis,0,1315,1400,1,0
384,1.4,22:30,00:27,Phoenix,0,1350,27,0,4
385,1.4,22:37,23:55,Rockford,0,1357,1435,1,4
386,1.4,22:43,00:18,Memphis,0,1363,18,2,4
387,1.4,22:47,01:42,Indianapolis,0,1367,102,3,3
388,1.4,22:50,00:52,Louisville,0,1370,52,4,2
389,1.4,23:05,23:55,Philadelphia,0,1385,1435,4,1
390,1.4,23:10,00:51,Cincinnati,0,1390,51,4,0
391,1.4,23:59,03:41,Aguadilla,0,1439,221,0,1
392,2.4,22:47,01:42,Indianapolis,0,1367,102,2,1
393,2.4,23:59,03:41,Aguadilla,0,1439,221,1,2
394,2.4,02:12,06:41,Panama City,0,132,401,0,0
395,2.4,05:05,08:12,Miami,0,305,492,0,1
396,2.4,05:35,08:36,Fort Lauderdale,0,335,516,1,2
397,2.4,06:00,09:21,Los Angeles,0,360,561,2,3
398,2.4,06:00,08:33,Atlanta,0,360,513,2,3
399,2.4,08:40,13:20,Anchorage,0,520,800,10,10
400,2.4,06:29,07:59,Cincinnati,0,389,479,2,5
401,2.4,06:30,09:30,Miami,0,390,570,3,8
402,2.4,06:45,07:54,Boston,0,405,474,2,13
403,2.4,06:50,10:39,Saint Thomas,0,410,639,3,14
404,2.4,06:55,10:33,Salt Lake City,0,415,633,4,14
405,2.4,06:59,10:24,Los Angeles,0,419,624,5,13
406,2.4,07:00,10:04,Fort Lauderdale,0,420,604,8,14
407,2.4,07:00,12:40,Georgetown,0,420,760,8,14
408,2.4,07:00,12:51,Georgetown,0,420,771,8,14
409,2.4,07:00,10:17,Fort Myers,0,420,617,8,14
410,2.4,07:05,10:08,Tampa,0,425,608,8,10
411,2.4,07:10,10:18,Miami,0,430,618,12,9
412,2.4,07:10,09:43,Jacksonville,0,430,583,12,9
413,2.4,07:10,10:17,Fort Lauderdale,0,430,617,12,9
414,2.4,07:10,10:33,Seattle,0,430,633,12,9
415,2.4,07:15,09:33,Minneapolis,0,435,573,13,6
416,2.4,07:19,10:13,Orlando,0,439,613,13,5
417,2.4,07:20,10:34,Los Angeles,0,440,634,14,5
418,2.4,07:25,10:34,Fort Myers,0,445,634,14,4
419,2.4,07:30,11:08,San Francisco,0,450,668,14,13
420,2.4,07:30,10:50,Austin,0,450,650,14,13
421,2.4,07:45,11:13,San Diego,0,465,673,6,13
422,2.4,07:50,10:30,Denver,0,470,630,5,14
423,2.4,07:59,11:08,Miami,0,479,668,7,14
424,2.4,07:59,09:53,Fort Worth,0,479,593,7,14
425,2.4,07:59,11:56,San Francisco,0,479,716,7,14
426,2.4,07:59,11:38,San Francisco,0,479,698,7,14
427,2.4,08:00,09:43,Raleigh/Durham,0,480,583,13,15
428,2.4,08:00,11:58,Saint Thomas,0,480,718,13,15
429,2.4,08:00,11:28,Los Angeles,0,480,688,13,15
430,2.4,08:00,11:23,Los Angeles,0,480,683,13,15
431,2.4,08:00,11:07,Fort Lauderdale,0,480,667,13,15
432,2.4,08:00,10:35,Jacksonville,0,480,635,13,15
433,2.4,08:01,11:09,San Diego,0,481,669,12,9
434,2.4,08:05,11:11,Dallas,0,485,671,13,9
435,2.4,08:20,10:59,Atlanta,0,500,659,14,10
436,2.4,08:20,11:47,San Jose,0,500,707,14,10
437,2.4,08:25,11:10,New Orleans,0,505,670,14,9
438,2.4,08:30,12:28,Saint Thomas,0,510,748,15,12
439,2.4,08:30,11:29,Tampa,0,510,689,15,12
440,2.4,08:30,11:49,Austin,0,510,709,15,12
441,2.4,08:30,11:30,Orlando,0,510,690,15,12
442,2.4,08:30,09:57,Memphis,0,510,597,15,12
443,2.4,08:35,11:40,Las Vegas,0,515,700,9,9
444,2.4,08:40,11:44,Sarasota,0,520,704,10,10
445,2.4,08:55,10:59,Louisville,0,535,659,9,10
446,2.4,09:00,10:45,Chicago,0,540,645,12,12
447,2.4,09:00,12:23,Seattle,0,540,743,12,12
448,2.4,09:00,11:12,Charleston,0,540,672,12,12
449,2.4,09:00,12:01,West Palm Beach,0,540,721,12,12
450,2.4,09:05,12:30,Los Angeles,0,545,750,9,9
451,2.4,09:05,11:01,Detroit,0,545,661,9,9
452,2.4,09:10,10:57,Raleigh/Durham,0,550,657,10,9
453,2.4,09:10,10:39,Memphis,0,550,639,10,9
454,2.4,09:15,10:58,Chicago,0,555,658,9,11
455,2.4,09:20,12:02,Phoenix,0,560,722,10,11
456,2.4,09:29,12:50,Nassau,0,569,770,10,12
457,2.4,09:30,10:42,Boston,0,570,642,12,12
458,2.4,09:30,12:30,Fort Lauderdale,0,570,750,12,12
459,2.4,09:35,12:58,Seattle,0,575,778,9,10
460,2.4,09:37,11:50,Detroit,0,577,710,8,9
461,2.4,09:40,13:01,Salt Lake City,0,580,781,9,8
462,2.4,09:42,12:05,Charleston,0,582,725,8,7
463,2.4,09:45,12:22,Atlanta,0,585,742,11,7
464,2.4,09:45,12:34,Las Vegas,0,585,754,11,7
465,2.4,09:45,11:15,Buffalo,0,585,675,11,7
466,2.4,09:50,11:04,Syracuse,0,590,664,11,5
467,2.4,09:55,11:22,Rochester,0,595,682,11,5
468,2.4,09:59,13:25,Key West,0,599,805,12,4
469,2.4,10:00,11:25,Charlottesville,0,600,685,12,8
470,2.4,10:15,13:18,Houston,0,615,798,7,10
471,2.4,10:17,14:46,Panama City,0,617,886,5,9
472,2.4,10:25,13:54,Salt Lake City,0,625,834,5,8
473,2.4,10:30,13:32,Tampa,0,630,812,8,9
474,2.4,10:30,11:54,Charlottesville,0,630,714,8,9
475,2.4,10:30,13:11,Vail,0,630,791,8,9
476,2.4,10:30,12:51,Savannah,0,630,771,8,9
477,2.4,10:30,13:36,Miami,0,630,816,8,9
478,2.4,10:32,13:27,West Palm Beach,0,632,807,8,4
479,2.4,10:41,11:57,Rochester,0,641,717,9,4
480,2.4,10:45,14:05,Anchorage,0,645,845,10,3
481,2.4,11:00,14:18,Los Angeles,0,660,858,9,4
482,2.4,11:00,14:03,Fort Lauderdale,0,660,843,9,4
483,2.4,11:05,14:21,Seattle,0,665,861,4,3
484,2.4,11:28,14:21,Orlando,0,688,861,3,6
485,2.4,11:30,14:21,Orlando,0,690,861,4,10
486,2.4,11:31,14:53,Los Angeles,0,691,893,3,9
487,2.4,11:40,12:33,Philadelphia,0,700,753,3,9
488,2.4,11:41,13:49,Charlotte,0,701,829,4,8
489,2.4,11:55,13:40,Raleigh/Durham,0,715,820,5,8
490,2.4,11:57,15:05,Miami,0,717,905,6,7
491,2.4,11:59,14:25,Atlanta,0,719,865,6,6
492,2.4,12:00,15:20,Los Angeles,0,720,920,10,5
493,2.4,12:00,15:40,San Francisco,0,720,940,10,5
494,2.4,12:00,15:05,Fort Lauderdale,0,720,905,10,5
495,2.4,12:00,15:08,Miami,0,720,908,10,5
496,2.4,12:10,13:23,Martha's Vineyard,0,730,803,9,1
497,2.4,12:25,14:21,Houston,0,745,861,8,0
498,2.4,13:05,15:13,Detroit,0,785,913,0,3
499,2.4,13:15,16:35,Tokyo,0,795,995,1,2
500,2.4,13:30,16:33,Miami,0,810,993,2,4
501,2.4,13:35,16:27,Orlando,0,815,987,3,3
502,2.4,13:52,16:10,Charleston,0,832,970,2,3
503,2.4,14:00,17:19,Los Angeles,0,840,1039,4,3
504,2.4,14:00,16:29,Denver,0,840,989,4,3
505,2.4,14:13,16:44,Jacksonville,0,853,1004,3,2
506,2.4,14:26,16:46,Savannah,0,866,1006,3,6
507,2.4,14:35,17:05,New Orleans,0,875,1025,2,7
508,2.4,14:54,18:06,Fort Lauderdale,0,894,1086,2,8
509,2.4,14:55,16:30,Washington,0,895,990,6,8
510,2.4,14:55,16:30,Buffalo,0,895,990,6,8
511,2.4,14:55,16:23,Rochester,0,895,983,6,8
512,2.4,14:55,16:42,Raleigh/Durham,0,895,1002,6,8
513,2.4,15:00,16:15,Syracuse,0,900,975,6,5
514,2.4,15:05,17:26,Minneapolis,0,905,1046,7,6
515,2.4,15:10,18:17,Sarasota,0,910,1097,7,6
516,2.4,15:15,17:29,Charleston,0,915,1049,8,7
517,2.4,15:25,18:43,Miami,0,925,1123,8,9
518,2.4,15:29,18:33,West Palm Beach,0,929,1113,5,9
519,2.4,15:35,18:47,Fort Lauderdale,0,935,1127,6,11
520,2.4,15:35,18:34,Orlando,0,935,1114,6,11
521,2.4,15:40,18:42,Orlando,0,940,1122,6,10
522,2.4,15:45,18:49,Tampa,0,945,1129,7,9
523,2.4,15:45,18:22,Atlanta,0,945,1102,7,9
524,2.4,15:47,18:59,Fort Myers,0,947,1139,7,7
525,2.4,15:50,21:27,Georgetown,0,950,1287,8,6
526,2.4,15:55,18:59,Las Vegas,0,955,1139,9,5
527,2.4,15:59,18:50,New Orleans,0,959,1130,9,4
528,2.4,16:00,18:37,Jacksonville,0,960,1117,10,4
529,2.4,16:00,17:14,Philadelphia,0,960,1034,10,4
530,2.4,16:05,19:27,Fort Myers,0,965,1167,11,3
531,2.4,16:10,19:35,Los Angeles,0,970,1175,10,4
532,2.4,16:30,19:31,Tampa,0,990,1171,4,13
533,2.4,16:33,19:44,Miami,0,993,1184,3,12
534,2.4,16:39,19:39,Orlando,0,999,1179,3,12
535,2.4,16:40,20:15,Los Angeles,0,1000,1215,4,13
536,2.4,16:41,19:17,Atlanta,0,1001,1157,5,12
537,2.4,16:41,20:16,Salt Lake City,0,1001,1216,5,12
538,2.4,16:45,18:03,Boston,0,1005,1083,6,11
539,2.4,16:55,20:20,Tokyo,0,1015,1220,8,11
540,2.4,16:55,20:19,Tokyo,0,1015,1219,8,11
541,2.4,16:59,20:57,San Francisco,0,1019,1257,9,9
542,2.4,17:00,20:20,Miami,0,1020,1220,13,12
543,2.4,17:00,07:35,Rome,0,1020,455,13,12
544,2.4,17:00,20:30,Los Angeles,0,1020,1230,13,12
545,2.4,17:00,20:31,Sacramento,0,1020,1231,13,12
546,2.4,17:09,19:57,Sarasota,0,1029,1197,12,8
547,2.4,17:10,19:01,Chicago,0,1030,1141,13,7
548,2.4,17:10,20:47,San Francisco,0,1030,1247,13,7
549,2.4,17:15,20:40,Los Angeles,0,1035,1240,11,7
550,2.4,17:20,20:41,Seattle,0,1040,1241,11,6
551,2.4,17:30,21:19,San Francisco,0,1050,1279,12,12
552,2.4,17:30,19:45,Charlotte,0,1050,1185,12,12
553,2.4,17:30,19:44,Detroit,0,1050,1184,12,12
554,2.4,17:30,20:55,Austin,0,1050,1255,12,12
555,2.4,17:45,18:27,Teterboro,0,1065,1107,7,9
556,2.4,17:45,20:54,Fort Lauderdale,0,1065,1254,7,9
557,2.4,17:54,20:45,Phoenix,0,1074,1245,7,8
558,2.4,17:54,21:03,Fort Lauderdale,0,1074,1263,7,8
559,2.4,17:55,21:37,San Francisco,0,1075,1297,9,6
560,2.4,17:55,21:17,San Jose,0,1075,1277,9,6
561,2.4,17:59,21:08,Palm Springs,0,1079,1268,10,4
562,2.4,18:00,21:14,Fort Lauderdale,0,1080,1274,12,6
563,2.4,18:00,21:32,Los Angeles,0,1080,1292,12,6
564,2.4,18:15,21:15,Tokyo,0,1095,1275,9,6
565,2.4,18:24,21:58,Salt Lake City,0,1104,1318,8,7
566,2.4,18:30,19:51,Boston,0,1110,1191,6,9
567,2.4,18:30,21:48,Miami,0,1110,1308,6,9
568,2.4,18:30,21:44,Portland,0,1110,1304,6,9
569,2.4,18:45,21:15,Atlanta,0,1125,1275,6,8
570,2.4,18:45,22:35,San Francisco,0,1125,1355,6,8
571,2.4,18:51,21:39,Phoenix,0,1131,1299,6,7
572,2.4,18:54,22:05,Fort Lauderdale,0,1134,1325,7,6
573,2.4,18:55,21:24,Savannah,0,1135,1284,7,7
574,2.4,19:00,22:29,Los Angeles,0,1140,1349,9,8
575,2.4,19:00,22:34,Los Angeles,0,1140,1354,9,8
576,2.4,19:10,22:38,Los Angeles,0,1150,1358,7,7
577,2.4,19:15,21:20,Lakeland,0,1155,1280,8,7
578,2.4,19:20,22:39,Austin,0,1160,1359,7,7
579,2.4,19:25,20:20,Rockford,0,1165,1220,7,6
580,2.4,19:25,23:29,San Francisco,0,1165,1409,7,6
581,2.4,19:29,22:51,Miami,0,1169,1371,7,11
582,2.4,19:30,22:24,Orlando,0,1170,1344,8,10
583,2.4,19:40,21:20,Washington,0,1180,1280,7,10
584,2.4,19:45,21:44,Raleigh/Durham,0,1185,1304,7,9
585,2.4,19:50,22:34,Phoenix,0,1190,1354,7,8
586,2.4,19:59,21:30,Burlington,0,1199,1290,11,7
587,2.4,19:59,23:17,Miami,0,1199,1397,11,7
588,2.4,19:59,22:30,Charleston,0,1199,1350,11,7
589,2.4,19:59,23:22,Fort Lauderdale,0,1199,1402,11,7
590,2.4,19:59,21:34,Rochester,0,1199,1294,11,7
591,2.4,19:59,23:08,Las Vegas,0,1199,1388,11,7
592,2.4,19:59,22:46,Jacksonville,0,1199,1366,11,7
593,2.4,20:10,23:10,Orlando,0,1210,1390,10,0
594,2.4,20:55,00:18,Los Angeles,0,1255,18,0,5
595,2.4,20:59,22:36,Buffalo,0,1259,1356,2,5
596,2.4,20:59,22:18,Syracuse,0,1259,1338,2,5
597,2.4,21:00,22:18,Syracuse,0,1260,1338,5,3
598,2.4,21:00,22:16,Boston,0,1260,1336,5,3
599,2.4,21:00,22:31,Buffalo,0,1260,1351,5,3
600,2.4,21:29,22:49,Boston,0,1289,1369,5,0
601,2.4,22:00,22:42,Westchester County,0,1320,1362,0,1
602,2.4,22:30,00:03,Phoenix,0,1350,3,1,3
603,2.4,22:32,00:00,Memphis,0,1352,0,1,2
604,2.4,22:50,00:52,Louisville,0,1370,52,3,0
605,2.4,23:40,01:03,Cincinnati,0,1420,63,0,3
606,2.4,00:00,00:50,Chicago,0,0,50,1,0
607,3.4,23:59,03:41,Aguadilla,0,1439,221,0,0
608,3.4,00:00,00:50,Chicago,0,0,50,2,1
609,3.4,00:10,01:55,Chicago,0,10,115,3,0
610,3.4,01:05,04:26,Anchorage,0,65,266,0,0
611,3.4,02:12,06:41,Panama City,0,132,401,0,0
612,3.4,04:00,08:30,Anchorage,0,240,510,0,1
613,3.4,04:15,07:07,Anchorage,0,255,427,1,0
614,3.4,05:05,08:12,Miami,0,305,492,0,1
615,3.4,05:35,08:36,Fort Lauderdale,0,335,516,1,4
616,3.4,06:00,08:48,Phoenix,0,360,528,4,5
617,3.4,06:00,08:33,Atlanta,0,360,513,4,5
618,3.4,06:00,09:21,Los Angeles,0,360,561,4,5
619,3.4,06:00,08:05,Charlotte,0,360,485,4,5
620,3.4,08:40,13:20,Anchorage,0,520,800,10,9
621,3.4,06:14,08:03,Cincinnati,0,374,483,4,2
622,3.4,06:30,09:30,Miami,0,390,570,5,8
623,3.4,06:33,09:27,Jackson,0,393,567,2,7
624,3.4,06:45,07:54,Boston,0,405,474,3,13
625,3.4,06:45,10:34,Saint Thomas,0,405,634,3,13
626,3.4,06:55,10:33,Salt Lake City,0,415,633,4,12
627,3.4,07:00,12:51,Georgetown,0,420,771,8,13
628,3.4,07:00,10:17,Fort Myers,0,420,617,8,13
629,3.4,07:00,10:04,Fort Lauderdale,0,420,604,8,13
630,3.4,07:00,08:17,Boston,0,420,497,8,13
631,3.4,07:05,10:08,Tampa,0,425,608,7,9
632,3.4,07:10,10:33,Seattle,0,430,633,12,8
633,3.4,07:10,09:43,Jacksonville,0,430,583,12,8
634,3.4,07:10,10:04,Orlando,0,430,604,12,8
635,3.4,07:10,10:17,Fort Lauderdale,0,430,617,12,8
636,3.4,07:10,10:18,Miami,0,430,618,12,8
637,3.4,07:15,09:33,Minneapolis,0,435,573,13,5
638,3.4,07:25,10:34,Fort Myers,0,445,634,12,5
639,3.4,07:30,10:50,Austin,0,450,650,13,13
640,3.4,07:30,11:08,San Francisco,0,450,668,13,13
641,3.4,07:44,10:04,Fort Worth,0,464,604,4,13
642,3.4,07:45,11:13,San Diego,0,465,673,5,13
643,3.4,07:50,10:30,Denver,0,470,630,5,14
644,3.4,07:59,11:56,San Francisco,0,479,716,6,16
645,3.4,07:59,11:08,Miami,0,479,668,6,16
646,3.4,08:00,11:07,Fort Lauderdale,0,480,667,13,17
647,3.4,08:00,11:28,Los Angeles,0,480,688,13,17
648,3.4,08:00,11:23,Los Angeles,0,480,683,13,17
649,3.4,08:00,10:35,Jacksonville,0,480,635,13,17
650,3.4,08:00,11:58,Saint Thomas,0,480,718,13,17
651,3.4,08:00,10:42,Orlando,0,480,642,13,17
652,3.4,08:00,11:09,Miami,0,480,669,13,17
653,3.4,08:05,11:11,Dallas,0,485,671,13,11
654,3.4,08:05,11:13,San Diego,0,485,673,13,11
655,3.4,08:15,11:35,Los Angeles,0,495,695,13,10
656,3.4,08:20,10:59,Atlanta,0,500,659,14,9
657,3.4,08:20,12:00,Anchorage,0,500,720,14,9
658,3.4,08:25,11:10,New Orleans,0,505,670,15,8
659,3.4,08:25,09:49,Memphis,0,505,589,15,8
660,3.4,08:29,11:28,Tampa,0,509,688,16,6
661,3.4,08:30,09:30,Westchester County,0,510,570,17,11
662,3.4,08:30,11:30,Orlando,0,510,690,17,11
663,3.4,08:30,12:28,Saint Thomas,0,510,748,17,11
664,3.4,08:35,11:40,Las Vegas,0,515,700,11,9
665,3.4,08:55,10:45,Chicago,0,535,645,8,11
666,3.4,09:00,10:26,Memphis,0,540,626,11,13
667,3.4,09:00,11:12,Charleston,0,540,672,11,13
668,3.4,09:00,12:08,Los Angeles,0,540,728,11,13
669,3.4,09:00,12:01,West Palm Beach,0,540,721,11,13
670,3.4,09:00,12:41,San Francisco,0,540,761,11,13
671,3.4,09:00,12:04,Sarasota,0,540,724,11,13
672,3.4,09:05,11:01,Detroit,0,545,661,9,8
673,3.4,09:10,10:57,Raleigh/Durham,0,550,657,9,10
674,3.4,09:14,12:43,Anchorage,0,554,763,9,10
675,3.4,09:15,10:58,Chicago,0,555,658,10,12
676,3.4,09:20,12:04,Phoenix,0,560,724,11,11
677,3.4,09:29,12:50,Nassau,0,569,770,11,11
678,3.4,09:30,10:42,Boston,0,570,642,13,12
679,3.4,09:30,12:30,Fort Lauderdale,0,570,750,13,12
680,3.4,09:35,12:55,Seattle,0,575,775,8,10
681,3.4,09:37,11:50,Detroit,0,577,710,8,9
682,3.4,09:40,12:52,Fort Myers,0,580,772,10,8
683,3.4,09:40,13:01,Salt Lake City,0,580,781,10,8
684,3.4,09:42,12:05,Charleston,0,582,725,10,6
685,3.4,09:45,12:34,Las Vegas,0,585,754,12,5
686,3.4,09:45,11:16,Nashville,0,585,676,12,5
687,3.4,09:45,12:22,Atlanta,0,585,742,12,5
688,3.4,09:59,13:25,Key West,0,599,805,11,4
689,3.4,10:00,15:25,Honolulu,0,600,925,12,8
690,3.4,10:00,12:37,Jacksonville,0,600,757,12,8
691,3.4,10:17,14:46,Panama City,0,617,886,3,8
692,3.4,10:25,13:54,Salt Lake City,0,625,834,4,7
693,3.4,10:30,13:32,Tampa,0,630,812,8,9
694,3.4,10:30,12:51,Savannah,0,630,771,8,9
695,3.4,10:30,13:21,Orlando,0,630,801,8,9
696,3.4,10:30,13:11,Vail,0,630,791,8,9
697,3.4,10:30,13:36,Miami,0,630,816,8,9
698,3.4,10:32,13:27,West Palm Beach,0,632,807,7,4
699,3.4,10:41,11:57,Rochester,0,641,717,8,3
700,3.4,11:00,14:03,Fort Lauderdale,0,660,843,9,4
701,3.4,11:00,14:18,Los Angeles,0,660,858,9,4
702,3.4,11:00,14:02,Nassau,0,660,842,9,4
703,3.4,11:28,14:21,Orlando,0,688,861,3,3
704,3.4,11:30,14:21,Orlando,0,690,861,4,6
705,3.4,11:41,13:49,Charlotte,0,701,829,2,6
706,3.4,11:57,15:05,Miami,0,717,905,3,6
707,3.4,11:59,14:25,Atlanta,0,719,865,3,5
708,3.4,12:00,15:05,Fort Lauderdale,0,720,905,6,6
709,3.4,12:00,15:08,Miami,0,720,908,6,6
710,3.4,12:00,15:20,Los Angeles,0,720,920,6,6
711,3.4,12:10,13:23,Martha's Vineyard,0,730,803,6,3
712,3.4,12:20,15:14,Greensboro,0,740,914,6,2
713,3.4,12:30,13:51,Martha's Vineyard,0,750,831,6,1
714,3.4,12:30,13:48,Charlottesville,0,750,828,6,1
715,3.4,13:05,15:13,Detroit,0,785,913,0,3
716,3.4,13:15,16:35,Tokyo,0,795,995,1,2
717,3.4,13:30,16:33,Miami,0,810,993,2,5
718,3.4,13:35,16:27,Orlando,0,815,987,3,4
719,3.4,13:52,16:10,Charleston,0,832,970,2,4
720,3.4,14:00,17:04,Tampa,0,840,1024,5,5
721,3.4,14:00,17:19,Los Angeles,0,840,1039,5,5
722,3.4,14:00,16:29,Denver,0,840,989,5,5
723,3.4,14:13,16:44,Jacksonville,0,853,1004,4,2
724,3.4,14:26,16:46,Savannah,0,866,1006,4,7
725,3.4,14:30,18:14,San Francisco,0,870,1094,5,7
726,3.4,14:50,16:54,Cincinnati,0,890,1014,2,7
727,3.4,14:54,18:06,Fort Lauderdale,0,894,1086,3,7
728,3.4,14:55,16:42,Raleigh/Durham,0,895,1002,7,7
729,3.4,14:55,16:30,Washington,0,895,990,7,7
730,3.4,14:55,16:30,Buffalo,0,895,990,7,7
731,3.4,14:55,16:23,Rochester,0,895,983,7,7
732,3.4,15:00,16:15,Syracuse,0,900,975,7,3
733,3.4,15:05,17:26,Minneapolis,0,905,1046,7,3
734,3.4,15:21,18:22,Orlando,0,921,1102,7,7
735,3.4,15:25,18:43,Miami,0,925,1123,7,6
736,3.4,15:35,18:47,Fort Lauderdale,0,935,1127,3,9
737,3.4,15:40,18:42,Orlando,0,940,1122,3,9
738,3.4,15:45,18:21,Atlanta,0,945,1101,6,8
739,3.4,15:45,17:18,Bedford/Hanscom,0,945,1038,6,8
740,3.4,15:45,16:38,Bedford/Hanscom,0,945,998,6,8
741,3.4,15:47,18:59,Fort Myers,0,947,1139,7,5
742,3.4,15:59,18:50,New Orleans,0,959,1130,6,4
743,3.4,16:00,18:20,Charleston,0,960,1100,8,6
744,3.4,16:00,19:05,West Palm Beach,0,960,1145,8,6
745,3.4,16:05,19:27,Fort Myers,0,965,1167,9,5
746,3.4,16:10,19:35,Los Angeles,0,970,1175,9,5
747,3.4,16:30,17:13,New Bedford,0,990,1033,6,7
748,3.4,16:30,19:31,Tampa,0,990,1171,6,7
749,3.4,16:30,19:12,Austin,0,990,1152,6,7
750,3.4,16:33,19:44,Miami,0,993,1184,5,4
751,3.4,16:39,19:39,Orlando,0,999,1179,5,3
752,3.4,16:41,20:16,Salt Lake City,0,1001,1216,5,4
753,3.4,17:00,20:20,Miami,0,1020,1220,7,9
754,3.4,17:00,20:30,Los Angeles,0,1020,1230,7,9
755,3.4,17:10,20:47,San Francisco,0,1030,1247,4,7
756,3.4,17:10,19:01,Chicago,0,1030,1141,4,7
757,3.4,17:15,20:40,Los Angeles,0,1035,1240,5,6
758,3.4,17:15,22:55,Georgetown,0,1035,1375,5,6
759,3.4,17:20,20:41,Seattle,0,1040,1241,6,4
760,3.4,17:30,19:44,Detroit,0,1050,1184,9,8
761,3.4,17:30,20:55,Austin,0,1050,1255,9,8
762,3.4,17:30,19:45,Charlotte,0,1050,1185,9,8
763,3.4,17:45,20:54,Fort Lauderdale,0,1065,1254,6,6
764,3.4,17:54,21:03,Fort Lauderdale,0,1074,1263,5,6
765,3.4,17:54,20:45,Phoenix,0,1074,1245,5,6
766,3.4,17:55,21:37,San Francisco,0,1075,1297,6,4
767,3.4,18:00,21:14,Fort Lauderdale,0,1080,1274,8,5
768,3.4,18:00,21:32,Los Angeles,0,1080,1292,8,5
769,3.4,18:15,21:15,Tokyo,0,1095,1275,6,5
770,3.4,18:20,19:45,Chicago,0,1100,1185,6,4
771,3.4,18:30,19:51,Boston,0,1110,1191,5,7
772,3.4,18:30,21:48,Miami,0,1110,1308,5,7
773,3.4,18:45,22:35,San Francisco,0,1125,1355,5,8
774,3.4,18:45,21:35,Las Vegas,0,1125,1295,5,8
775,3.4,18:55,21:24,Savannah,0,1135,1284,4,9
776,3.4,19:00,22:29,Los Angeles,0,1140,1349,7,10
777,3.4,19:00,22:34,Los Angeles,0,1140,1354,7,10
778,3.4,19:00,21:19,Boca Raton,0,1140,1279,7,10
779,3.4,19:10,22:38,Los Angeles,0,1150,1358,6,8
780,3.4,19:15,21:30,Jacksonville,0,1155,1290,8,9
781,3.4,19:15,21:34,Lakeland,0,1155,1294,8,9
782,3.4,19:20,22:39,Austin,0,1160,1359,7,8
783,3.4,19:25,23:29,San Francisco,0,1165,1409,9,8
784,3.4,19:25,20:26,Rockford,0,1165,1226,9,8
785,3.4,19:29,22:51,Miami,0,1169,1371,9,13
786,3.4,19:30,22:24,Orlando,0,1170,1344,10,12
787,3.4,19:40,21:20,Washington,0,1180,1280,8,12
788,3.4,19:45,21:44,Raleigh/Durham,0,1185,1304,9,11
789,3.4,19:45,10:35,Rome,0,1185,635,9,11
790,3.4,19:50,22:34,Phoenix,0,1190,1354,8,9
791,3.4,19:55,10:45,Belgrade,0,1195,645,8,8
792,3.4,19:59,22:46,Jacksonville,0,1199,1366,13,7
793,3.4,19:59,23:08,Las Vegas,0,1199,1388,13,7
794,3.4,19:59,22:30,Charleston,0,1199,1350,13,7
795,3.4,19:59,21:34,Rochester,0,1199,1294,13,7
796,3.4,19:59,21:30,Burlington,0,1199,1290,13,7
797,3.4,19:59,23:17,Miami,0,1199,1397,13,7
798,3.4,19:59,23:22,Fort Lauderdale,0,1199,1402,13,7
799,3.4,20:10,23:10,Orlando,0,1210,1390,12,0
800,3.4,20:59,22:18,Syracuse,0,1259,1338,1,6
801,3.4,20:59,22:36,Buffalo,0,1259,1356,1,6
802,3.4,21:00,22:18,Syracuse,0,1260,1338,5,4
803,3.4,21:00,22:16,Boston,0,1260,1336,5,4
804,3.4,21:00,22:31,Buffalo,0,1260,1351,5,4
805,3.4,21:00,23:14,Atlanta,0,1260,1394,5,4
806,3.4,21:29,22:49,Boston,0,1289,1369,6,0
807,3.4,22:30,01:16,Phoenix,0,1350,76,0,0
808,4.4,20:10,23:10,Orlando,0,1210,1390,10,0
809,4.4,23:59,03:41,Aguadilla,0,1439,221,0,0
810,4.4,00:40,02:25,Chicago,0,40,145,0,0
811,4.4,02:12,06:41,Panama City,0,132,401,0,0
812,4.4,03:45,06:37,Anchorage,0,225,397,0,0
813,4.4,05:05,08:12,Miami,0,305,492,0,1
814,4.4,05:35,08:36,Fort Lauderdale,0,335,516,1,4
815,4.4,06:00,08:33,Atlanta,0,360,513,4,4
816,4.4,06:00,08:05,Charlotte,0,360,485,4,4
817,4.4,06:00,08:48,Phoenix,0,360,528,4,4
818,4.4,06:00,09:21,Los Angeles,0,360,561,4,4
819,4.4,06:30,09:30,Miami,0,390,570,4,5
820,4.4,06:45,07:54,Boston,0,405,474,1,10
821,4.4,06:50,10:39,Saint Thomas,0,410,639,2,12
822,4.4,06:55,10:33,Salt Lake City,0,415,633,3,12
823,4.4,07:00,12:51,Georgetown,0,420,771,5,13
824,4.4,07:00,10:17,Fort Myers,0,420,617,5,13
825,4.4,07:05,10:08,Tampa,0,425,608,5,11
826,4.4,07:10,10:18,Miami,0,430,618,9,10
827,4.4,07:10,09:43,Jacksonville,0,430,583,9,10
828,4.4,07:10,10:33,Seattle,0,430,633,9,10
829,4.4,07:10,10:17,Fort Lauderdale,0,430,617,9,10
830,4.4,07:15,09:33,Minneapolis,0,435,573,10,7
831,4.4,07:19,10:13,Orlando,0,439,613,10,6
832,4.4,07:20,10:34,Los Angeles,0,440,634,12,6
833,4.4,07:20,10:45,Los Angeles,0,440,645,12,6
834,4.4,07:25,10:34,Fort Myers,0,445,634,12,6
835,4.4,07:30,11:08,San Francisco,0,450,668,13,16
836,4.4,07:30,10:50,Austin,0,450,650,13,16
837,4.4,07:45,11:13,San Diego,0,465,673,7,16
838,4.4,07:50,10:30,Denver,0,470,630,6,17
839,4.4,07:55,11:30,San Francisco,0,475,690,6,17
840,4.4,07:55,09:34,Memphis,0,475,574,6,17
841,4.4,07:59,11:08,Miami,0,479,668,8,15
842,4.4,07:59,11:38,San Francisco,0,479,698,8,15
843,4.4,07:59,11:56,San Francisco,0,479,716,8,15
844,4.4,08:00,10:10,Charleston,0,480,610,16,16
845,4.4,08:00,11:28,Los Angeles,0,480,688,16,16
846,4.4,08:00,11:23,Los Angeles,0,480,683,16,16
847,4.4,08:00,10:35,Jacksonville,0,480,635,16,16
848,4.4,08:00,11:07,Fort Lauderdale,0,480,667,16,16
849,4.4,08:00,11:58,Saint Thomas,0,480,718,16,16
850,4.4,08:00,11:09,Miami,0,480,669,16,16
851,4.4,08:00,09:43,Raleigh/Durham,0,480,583,16,16
852,4.4,08:01,11:09,San Diego,0,481,669,15,8
853,4.4,08:05,11:11,Dallas,0,485,671,16,8
854,4.4,08:20,10:59,Atlanta,0,500,659,17,9
855,4.4,08:20,11:47,San Jose,0,500,707,17,9
856,4.4,08:25,11:10,New Orleans,0,505,670,17,7
857,4.4,08:30,11:49,Austin,0,510,709,16,9
858,4.4,08:30,11:29,Tampa,0,510,689,16,9
859,4.4,08:30,12:28,Saint Thomas,0,510,748,16,9
860,4.4,08:30,11:30,Orlando,0,510,690,16,9
861,4.4,08:35,11:40,Las Vegas,0,515,700,8,7
862,4.4,08:40,11:44,Sarasota,0,520,704,9,7
863,4.4,08:40,13:20,Anchorage,0,520,800,9,7
864,4.4,09:00,12:01,West Palm Beach,0,540,721,9,10
865,4.4,09:00,10:45,Chicago,0,540,645,9,10
866,4.4,09:00,12:23,Seattle,0,540,743,9,10
867,4.4,09:05,11:01,Detroit,0,545,661,7,7
868,4.4,09:05,12:30,Los Angeles,0,545,750,7,7
869,4.4,09:10,10:57,Raleigh/Durham,0,550,657,7,7
870,4.4,09:15,10:58,Chicago,0,555,658,6,10
871,4.4,09:20,12:02,Phoenix,0,560,722,7,10
872,4.4,09:29,12:50,Nassau,0,569,770,8,11
873,4.4,09:30,10:42,Boston,0,570,642,10,11
874,4.4,09:30,12:45,Seattle,0,570,765,10,11
875,4.4,09:37,11:50,Detroit,0,577,710,6,9
876,4.4,09:40,13:01,Salt Lake City,0,580,781,7,8
877,4.4,09:42,12:05,Charleston,0,582,725,7,7
878,4.4,09:45,12:22,Atlanta,0,585,742,10,7
879,4.4,09:45,12:34,Las Vegas,0,585,754,10,7
880,4.4,09:45,11:15,Buffalo,0,585,675,10,7
881,4.4,09:50,11:04,Syracuse,0,590,664,10,5
882,4.4,09:55,11:22,Rochester,0,595,682,10,5
883,4.4,09:59,13:25,Key West,0,599,805,11,4
884,4.4,10:00,13:01,Albuquerque,0,600,781,11,8
885,4.4,10:15,13:18,Houston,0,615,798,7,9
886,4.4,10:17,14:46,Panama City,0,617,886,5,8
887,4.4,10:25,13:54,Salt Lake City,0,625,834,5,7
888,4.4,10:30,13:32,Tampa,0,630,812,8,8
889,4.4,10:30,13:11,Vail,0,630,791,8,8
890,4.4,10:30,13:36,Miami,0,630,816,8,8
891,4.4,10:30,14:06,San Francisco,0,630,846,8,8
892,4.4,10:30,12:51,Savannah,0,630,771,8,8
893,4.4,10:32,13:27,West Palm Beach,0,632,807,8,3
894,4.4,10:41,11:57,Rochester,0,641,717,9,3
895,4.4,11:00,14:03,Fort Lauderdale,0,660,843,8,4
896,4.4,11:00,14:18,Los Angeles,0,660,858,8,4
897,4.4,11:05,14:21,Seattle,0,665,861,3,3
898,4.4,11:28,14:21,Orlando,0,688,861,3,5
899,4.4,11:30,14:21,Orlando,0,690,861,4,9
900,4.4,11:31,14:53,Los Angeles,0,691,893,3,8
901,4.4,11:41,13:49,Charlotte,0,701,829,3,8
902,4.4,11:55,13:40,Raleigh/Durham,0,715,820,4,7
903,4.4,11:57,15:05,Miami,0,717,905,5,6
904,4.4,11:59,14:25,Atlanta,0,719,865,5,5
905,4.4,12:00,15:40,San Francisco,0,720,940,9,4
906,4.4,12:00,15:05,Fort Lauderdale,0,720,905,9,4
907,4.4,12:00,15:20,Los Angeles,0,720,920,9,4
908,4.4,12:00,15:08,Miami,0,720,908,9,4
909,4.4,12:10,13:23,Martha's Vineyard,0,730,803,8,0
910,4.4,13:05,15:13,Detroit,0,785,913,0,3
911,4.4,13:15,16:35,Tokyo,0,795,995,1,2
912,4.4,13:30,16:33,Miami,0,810,993,2,5
913,4.4,13:35,16:27,Orlando,0,815,987,3,4
914,4.4,13:52,16:10,Charleston,0,832,970,2,4
915,4.4,13:57,15:12,Burlington,0,837,912,3,4
916,4.4,14:00,17:19,Los Angeles,0,840,1039,5,4
917,4.4,14:00,16:29,Denver,0,840,989,5,4
918,4.4,14:13,16:44,Jacksonville,0,853,1004,4,3
919,4.4,14:26,16:46,Savannah,0,866,1006,4,7
920,4.4,14:30,17:24,Orlando,0,870,1044,4,7
921,4.4,14:35,17:05,New Orleans,0,875,1025,3,7
922,4.4,14:54,18:06,Fort Lauderdale,0,894,1086,3,7
923,4.4,14:55,16:30,Washington,0,895,990,7,7
924,4.4,14:55,16:23,Rochester,0,895,983,7,7
925,4.4,14:55,16:30,Buffalo,0,895,990,7,7
926,4.4,14:55,16:42,Raleigh/Durham,0,895,1002,7,7
927,4.4,15:00,16:15,Syracuse,0,900,975,7,4
928,4.4,15:05,17:26,Minneapolis,0,905,1046,7,5
929,4.4,15:10,18:17,Sarasota,0,910,1097,7,5
930,4.4,15:25,18:43,Miami,0,925,1123,7,9
931,4.4,15:29,18:33,West Palm Beach,0,929,1113,4,9
932,4.4,15:35,18:47,Fort Lauderdale,0,935,1127,5,10
933,4.4,15:35,18:34,Orlando,0,935,1114,5,10
934,4.4,15:40,18:42,Orlando,0,940,1122,5,9
935,4.4,15:45,18:49,Tampa,0,945,1129,6,8
936,4.4,15:45,18:22,Atlanta,0,945,1102,6,8
937,4.4,15:47,18:59,Fort Myers,0,947,1139,7,6
938,4.4,15:50,21:27,Georgetown,0,950,1287,8,5
939,4.4,15:55,18:59,Las Vegas,0,955,1139,9,4
940,4.4,15:59,18:50,New Orleans,0,959,1130,9,3
941,4.4,16:00,18:37,Jacksonville,0,960,1117,9,3
942,4.4,16:05,19:27,Fort Myers,0,965,1167,10,3
943,4.4,16:10,19:35,Los Angeles,0,970,1175,9,3
944,4.4,16:30,19:31,Tampa,0,990,1171,3,12
945,4.4,16:33,19:44,Miami,0,993,1184,3,11
946,4.4,16:39,19:39,Orlando,0,999,1179,3,10
947,4.4,16:41,20:16,Salt Lake City,0,1001,1216,4,11
948,4.4,16:41,19:17,Atlanta,0,1001,1157,4,11
949,4.4,16:45,18:03,Boston,0,1005,1083,5,10
950,4.4,16:55,20:10,Los Angeles,0,1015,1210,6,10
951,4.4,16:59,20:57,San Francisco,0,1019,1257,7,9
952,4.4,17:00,20:20,Miami,0,1020,1220,12,12
953,4.4,17:00,20:31,Sacramento,0,1020,1231,12,12
954,4.4,17:00,20:30,Los Angeles,0,1020,1230,12,12
955,4.4,17:00,07:35,Rome,0,1020,455,12,12
956,4.4,17:00,20:25,Los Angeles,0,1020,1225,12,12
957,4.4,17:10,19:01,Chicago,0,1030,1141,11,7
958,4.4,17:10,20:47,San Francisco,0,1030,1247,11,7
959,4.4,17:15,20:40,Los Angeles,0,1035,1240,10,6
960,4.4,17:20,20:41,Seattle,0,1040,1241,10,6
961,4.4,17:30,21:19,San Francisco,0,1050,1279,12,12
962,4.4,17:30,20:55,Austin,0,1050,1255,12,12
963,4.4,17:30,19:45,Charlotte,0,1050,1185,12,12
964,4.4,17:30,19:44,Detroit,0,1050,1184,12,12
965,4.4,17:45,20:54,Fort Lauderdale,0,1065,1254,6,9
966,4.4,17:50,19:50,Chicago,0,1070,1190,6,8
967,4.4,17:54,20:45,Phoenix,0,1074,1245,7,8
968,4.4,17:54,21:03,Fort Lauderdale,0,1074,1263,7,8
969,4.4,17:55,21:17,San Jose,0,1075,1277,9,6
970,4.4,17:55,21:37,San Francisco,0,1075,1297,9,6
971,4.4,17:59,21:08,Palm Springs,0,1079,1268,10,4
972,4.4,18:00,21:14,Fort Lauderdale,0,1080,1274,12,7
973,4.4,18:00,21:32,Los Angeles,0,1080,1292,12,7
974,4.4,18:15,21:15,Tokyo,0,1095,1275,9,6
975,4.4,18:24,21:58,Salt Lake City,0,1104,1318,8,6
976,4.4,18:30,19:51,Boston,0,1110,1191,7,8
977,4.4,18:30,21:44,Portland,0,1110,1304,7,8
978,4.4,18:30,22:00,Seattle,0,1110,1320,7,8
979,4.4,18:30,21:48,Miami,0,1110,1308,7,8
980,4.4,18:45,21:15,Atlanta,0,1125,1275,6,5
981,4.4,18:51,21:39,Phoenix,0,1131,1299,6,5
982,4.4,18:55,21:24,Savannah,0,1135,1284,6,5
983,4.4,19:00,22:29,Los Angeles,0,1140,1349,8,6
984,4.4,19:00,22:34,Los Angeles,0,1140,1354,8,6
985,4.4,19:10,22:38,Los Angeles,0,1150,1358,5,5
986,4.4,19:20,22:39,Austin,0,1160,1359,5,6
987,4.4,19:25,23:29,San Francisco,0,1165,1409,5,5
988,4.4,19:29,22:51,Miami,0,1169,1371,5,11
989,4.4,19:30,22:24,Orlando,0,1170,1344,6,10
990,4.4,19:40,21:20,Washington,0,1180,1280,5,10
991,4.4,19:45,21:44,Raleigh/Durham,0,1185,1304,5,9
992,4.4,19:50,22:34,Phoenix,0,1190,1354,6,8
993,4.4,19:59,23:22,Fort Lauderdale,0,1199,1402,11,7
994,4.4,19:59,23:17,Miami,0,1199,1397,11,7
995,4.4,19:59,22:46,Jacksonville,0,1199,1366,11,7
996,4.4,19:59,21:34,Rochester,0,1199,1294,11,7
997,4.4,19:59,22:30,Charleston,0,1199,1350,11,7
998,4.4,19:59,21:30,Burlington,0,1199,1290,11,7
999,4.4,19:59,23:08,Las Vegas,0,1199,1388,11,7
1000,4.4,20:55,00:18,Los Angeles,0,1255,18,0,5
1001,4.4,20:59,22:36,Buffalo,0,1259,1356,2,5
1002,4.4,20:59,22:18,Syracuse,0,1259,1338,2,5
1003,4.4,21:00,22:16,Boston,0,1260,1336,5,3
1004,4.4,21:00,22:31,Buffalo,0,1260,1351,5,3
1005,4.4,21:00,22:18,Syracuse,0,1260,1338,5,3
1006,4.4,21:29,22:49,Boston,0,1289,1369,5,0
1007,5.4,23:59,03:41,Aguadilla,0,1439,221,0,0
1008,5.4,02:12,06:41,Panama City,0,132,401,0,0
1009,5.4,05:05,08:12,Miami,0,305,492,0,1
1010,5.4,05:35,08:36,Fort Lauderdale,0,335,516,1,4
1011,5.4,06:00,08:05,Charlotte,0,360,485,4,4
1012,5.4,06:00,08:48,Phoenix,0,360,528,4,4
1013,5.4,06:00,09:21,Los Angeles,0,360,561,4,4
1014,5.4,06:00,08:33,Atlanta,0,360,513,4,4
1015,5.4,06:30,09:30,Miami,0,390,570,4,9
1016,5.4,06:45,07:54,Boston,0,405,474,1,14
1017,5.4,06:50,10:39,Saint Thomas,0,410,639,2,15
1018,5.4,06:55,10:33,Salt Lake City,0,415,633,3,15
1019,5.4,07:00,12:51,Georgetown,0,420,771,9,16
1020,5.4,07:00,10:04,Fort Lauderdale,0,420,604,9,16
1021,5.4,07:00,12:40,Georgetown,0,420,760,9,16
1022,5.4,07:00,10:25,Los Angeles,0,420,625,9,16
1023,5.4,07:00,10:17,Fort Myers,0,420,617,9,16
1024,5.4,07:00,09:53,Orlando,0,420,593,9,16
1025,5.4,07:05,10:08,Tampa,0,425,608,9,10
1026,5.4,07:10,10:33,Seattle,0,430,633,13,9
1027,5.4,07:10,10:18,Miami,0,430,618,13,9
1028,5.4,07:10,09:43,Jacksonville,0,430,583,13,9
1029,5.4,07:10,10:17,Fort Lauderdale,0,430,617,13,9
1030,5.4,07:15,09:33,Minneapolis,0,435,573,14,6
1031,5.4,07:19,10:13,Orlando,0,439,613,14,5
1032,5.4,07:20,10:34,Los Angeles,0,440,634,15,5
1033,5.4,07:25,10:34,Fort Myers,0,445,634,15,5
1034,5.4,07:30,10:50,Austin,0,450,650,16,13
1035,5.4,07:30,11:08,San Francisco,0,450,668,16,13
1036,5.4,07:45,11:13,San Diego,0,465,673,6,14
1037,5.4,07:50,10:30,Denver,0,470,630,5,15
1038,5.4,07:55,11:30,San Francisco,0,475,690,5,15
1039,5.4,07:59,11:38,San Francisco,0,479,698,6,15
1040,5.4,07:59,11:56,San Francisco,0,479,716,6,15
1041,5.4,08:00,11:23,Los Angeles,0,480,683,13,15
1042,5.4,08:00,09:43,Raleigh/Durham,0,480,583,13,15
1043,5.4,08:00,11:09,Miami,0,480,669,13,15
1044,5.4,08:00,10:35,Jacksonville,0,480,635,13,15
1045,5.4,08:00,11:58,Saint Thomas,0,480,718,13,15
1046,5.4,08:00,11:07,Fort Lauderdale,0,480,667,13,15
1047,5.4,08:00,11:28,Los Angeles,0,480,688,13,15
1048,5.4,08:01,11:09,San Diego,0,481,669,12,8
1049,5.4,08:05,11:11,Dallas,0,485,671,13,8
1050,5.4,08:06,11:05,Tampa,0,486,665,14,7
1051,5.4,08:20,10:59,Atlanta,0,500,659,15,8
1052,5.4,08:20,11:47,San Jose,0,500,707,15,8
1053,5.4,08:25,11:10,New Orleans,0,505,670,15,6
1054,5.4,08:29,11:29,Orlando,0,509,689,15,6
1055,5.4,08:30,11:49,Austin,0,510,709,15,9
1056,5.4,08:30,12:28,Saint Thomas,0,510,748,15,9
1057,5.4,08:35,11:40,Las Vegas,0,515,700,8,8
1058,5.4,08:40,11:44,Sarasota,0,520,704,8,8
1059,5.4,08:40,13:20,Anchorage,0,520,800,8,8
1060,5.4,08:56,10:52,Detroit,0,536,652,6,8
1061,5.4,09:00,12:01,West Palm Beach,0,540,721,9,11
1062,5.4,09:00,12:23,Seattle,0,540,743,9,11
1063,5.4,09:00,11:12,Charleston,0,540,672,9,11
1064,5.4,09:00,10:45,Chicago,0,540,645,9,11
1065,5.4,09:05,12:30,Los Angeles,0,545,750,8,7
1066,5.4,09:10,10:57,Raleigh/Durham,0,550,657,8,8
1067,5.4,09:15,10:58,Chicago,0,555,658,7,12
1068,5.4,09:20,12:02,Phoenix,0,560,722,8,12
1069,5.4,09:30,12:31,Fort Lauderdale,0,570,751,11,17
1070,5.4,09:30,12:45,Seattle,0,570,765,11,17
1071,5.4,09:30,12:52,Los Angeles,0,570,772,11,17
1072,5.4,09:30,10:42,Boston,0,570,642,11,17
1073,5.4,09:37,11:50,Detroit,0,577,710,7,13
1074,5.4,09:40,13:01,Salt Lake City,0,580,781,8,12
1075,5.4,09:42,12:05,Charleston,0,582,725,8,11
1076,5.4,09:45,12:34,Las Vegas,0,585,754,12,11
1077,5.4,09:45,11:16,Nashville,0,585,676,12,11
1078,5.4,09:45,11:15,Buffalo,0,585,675,12,11
1079,5.4,09:45,12:22,Atlanta,0,585,742,12,11
1080,5.4,09:50,11:04,Syracuse,0,590,664,12,8
1081,5.4,09:55,11:22,Rochester,0,595,682,12,8
1082,5.4,09:59,13:25,Key West,0,599,805,14,7
1083,5.4,09:59,12:57,Tampa,0,599,777,14,7
1084,5.4,10:00,15:25,Honolulu,0,600,925,17,11
1085,5.4,10:00,12:55,Orlando,0,600,775,17,11
1086,5.4,10:00,13:11,Fort Myers,0,600,791,17,11
1087,5.4,10:15,13:18,Houston,0,615,798,11,10
1088,5.4,10:17,14:46,Panama City,0,617,886,8,9
1089,5.4,10:25,13:54,Salt Lake City,0,625,834,8,8
1090,5.4,10:30,13:32,Tampa,0,630,812,11,9
1091,5.4,10:30,14:06,San Francisco,0,630,846,11,9
1092,5.4,10:30,13:11,Vail,0,630,791,11,9
1093,5.4,10:30,12:51,Savannah,0,630,771,11,9
1094,5.4,10:30,13:36,Miami,0,630,816,11,9
1095,5.4,10:30,13:37,Miami,0,630,817,11,9
1096,5.4,10:32,13:27,West Palm Beach,0,632,807,9,3
1097,5.4,10:41,11:57,Rochester,0,641,717,10,3
1098,5.4,11:00,14:18,Los Angeles,0,660,858,9,4
1099,5.4,11:00,14:03,Fort Lauderdale,0,660,843,9,4
1100,5.4,11:05,14:21,Seattle,0,665,861,3,2
1101,5.4,11:28,14:21,Orlando,0,688,861,3,4
1102,5.4,11:30,14:21,Orlando,0,690,861,4,9
1103,5.4,11:41,13:49,Charlotte,0,701,829,2,9
1104,5.4,11:55,13:40,Raleigh/Durham,0,715,820,3,8
1105,5.4,11:57,15:05,Miami,0,717,905,4,7
1106,5.4,11:59,14:25,Atlanta,0,719,865,4,6
1107,5.4,12:00,15:05,Fort Lauderdale,0,720,905,9,5
1108,5.4,12:00,15:20,Los Angeles,0,720,920,9,5
1109,5.4,12:00,15:40,San Francisco,0,720,940,9,5
1110,5.4,12:00,15:08,Miami,0,720,908,9,5
1111,5.4,12:00,14:56,West Palm Beach,0,720,896,9,5
1112,5.4,12:10,13:23,Martha's Vineyard,0,730,803,9,0
1113,5.4,13:05,15:13,Detroit,0,785,913,0,4
1114,5.4,13:15,16:35,Tokyo,0,795,995,1,3
1115,5.4,13:30,16:33,Miami,0,810,993,3,5
1116,5.4,13:30,16:33,Fort Lauderdale,0,810,993,3,5
1117,5.4,13:35,16:27,Orlando,0,815,987,4,3
1118,5.4,13:52,16:10,Charleston,0,832,970,3,3
1119,5.4,14:00,17:19,Los Angeles,0,840,1039,5,3
1120,5.4,14:00,16:29,Denver,0,840,989,5,3
1121,5.4,14:13,16:44,Jacksonville,0,853,1004,3,3
1122,5.4,14:26,16:46,Savannah,0,866,1006,3,7
1123,5.4,14:35,17:05,New Orleans,0,875,1025,3,8
1124,5.4,14:35,05:25,Belgrade,0,875,325,3,8
1125,5.4,14:54,18:06,Fort Lauderdale,0,894,1086,3,7
1126,5.4,14:55,16:23,Rochester,0,895,983,7,7
1127,5.4,14:55,16:30,Buffalo,0,895,990,7,7
1128,5.4,14:55,16:30,Washington,0,895,990,7,7
1129,5.4,14:55,16:42,Raleigh/Durham,0,895,1002,7,7
1130,5.4,15:00,16:15,Syracuse,0,900,975,7,4
1131,5.4,15:05,17:26,Minneapolis,0,905,1046,8,5
1132,5.4,15:10,18:17,Sarasota,0,910,1097,7,5
1133,5.4,15:25,18:43,Miami,0,925,1123,7,9
1134,5.4,15:29,18:33,West Palm Beach,0,929,1113,4,9
1135,5.4,15:35,18:34,Orlando,0,935,1114,5,10
1136,5.4,15:35,18:47,Fort Lauderdale,0,935,1127,5,10
1137,5.4,15:40,18:42,Orlando,0,940,1122,5,9
1138,5.4,15:45,18:21,Atlanta,0,945,1101,6,8
1139,5.4,15:45,18:49,Tampa,0,945,1129,6,8
1140,5.4,15:47,18:59,Fort Myers,0,947,1139,7,6
1141,5.4,15:50,21:27,Georgetown,0,950,1287,8,5
1142,5.4,15:55,18:59,Las Vegas,0,955,1139,9,4
1143,5.4,15:59,18:50,New Orleans,0,959,1130,9,3
1144,5.4,16:00,18:37,Jacksonville,0,960,1117,9,3
1145,5.4,16:05,19:27,Fort Myers,0,965,1167,10,3
1146,5.4,16:10,19:35,Los Angeles,0,970,1175,9,3
1147,5.4,16:30,19:31,Tampa,0,990,1171,3,11
1148,5.4,16:33,19:44,Miami,0,993,1184,3,10
1149,5.4,16:39,19:39,Orlando,0,999,1179,3,9
1150,5.4,16:41,20:16,Salt Lake City,0,1001,1216,4,10
1151,5.4,16:41,19:17,Atlanta,0,1001,1157,4,10
1152,5.4,16:45,18:03,Boston,0,1005,1083,5,9
1153,5.4,16:55,20:10,Los Angeles,0,1015,1210,6,9
1154,5.4,16:59,20:57,San Francisco,0,1019,1257,7,8
1155,5.4,17:00,20:30,Los Angeles,0,1020,1230,11,11
1156,5.4,17:00,19:10,Charleston,0,1020,1150,11,11
1157,5.4,17:00,07:35,Rome,0,1020,455,11,11
1158,5.4,17:00,20:20,Miami,0,1020,1220,11,11
1159,5.4,17:10,20:47,San Francisco,0,1030,1247,10,7
1160,5.4,17:10,19:01,Chicago,0,1030,1141,10,7
1161,5.4,17:15,20:40,Los Angeles,0,1035,1240,9,5
1162,5.4,17:20,20:41,Seattle,0,1040,1241,9,4
1163,5.4,17:30,19:45,Charlotte,0,1050,1185,11,9
1164,5.4,17:30,19:44,Detroit,0,1050,1184,11,9
1165,5.4,17:30,21:19,San Francisco,0,1050,1279,11,9
1166,5.4,17:30,20:55,Austin,0,1050,1255,11,9
1167,5.4,17:54,21:03,Fort Lauderdale,0,1074,1263,5,6
1168,5.4,17:54,20:45,Phoenix,0,1074,1245,5,6
1169,5.4,17:55,21:37,San Francisco,0,1075,1297,6,4
1170,5.4,17:59,21:08,Palm Springs,0,1079,1268,7,3
1171,5.4,18:00,21:32,Los Angeles,0,1080,1292,9,6
1172,5.4,18:00,21:14,Fort Lauderdale,0,1080,1274,9,6
1173,5.4,18:24,21:58,Salt Lake City,0,1104,1318,6,6
1174,5.4,18:30,19:51,Boston,0,1110,1191,6,7
1175,5.4,18:30,22:00,Seattle,0,1110,1320,6,7
1176,5.4,18:30,21:44,Portland,0,1110,1304,6,7
1177,5.4,18:30,21:48,Miami,0,1110,1308,6,7
1178,5.4,18:45,21:15,Atlanta,0,1125,1275,5,4
1179,5.4,18:51,21:39,Phoenix,0,1131,1299,6,4
1180,5.4,19:00,22:34,Los Angeles,0,1140,1354,7,6
1181,5.4,19:00,22:29,Los Angeles,0,1140,1349,7,6
1182,5.4,19:10,22:38,Los Angeles,0,1150,1358,4,5
1183,5.4,19:20,22:39,Austin,0,1160,1359,4,6
1184,5.4,19:25,23:29,San Francisco,0,1165,1409,4,5
1185,5.4,19:29,22:51,Miami,0,1169,1371,5,11
1186,5.4,19:30,22:24,Orlando,0,1170,1344,6,11
1187,5.4,19:40,21:20,Washington,0,1180,1280,5,11
1188,5.4,19:45,21:44,Raleigh/Durham,0,1185,1304,5,10
1189,5.4,19:50,22:34,Phoenix,0,1190,1354,6,9
1190,5.4,19:59,23:08,Las Vegas,0,1199,1388,11,8
1191,5.4,19:59,23:17,Miami,0,1199,1397,11,8
1192,5.4,19:59,23:22,Fort Lauderdale,0,1199,1402,11,8
1193,5.4,19:59,22:30,Charleston,0,1199,1350,11,8
1194,5.4,19:59,21:34,Rochester,0,1199,1294,11,8
1195,5.4,19:59,22:46,Jacksonville,0,1199,1366,11,8
1196,5.4,19:59,21:30,Burlington,0,1199,1290,11,8
1197,5.4,20:00,23:23,Los Angeles,0,1200,1403,11,1
1198,5.4,20:10,23:10,Orlando,0,1210,1390,11,0
1199,5.4,20:59,22:36,Buffalo,0,1259,1356,1,4
1200,5.4,20:59,22:18,Syracuse,0,1259,1338,1,4
1201,5.4,21:00,22:31,Buffalo,0,1260,1351,3,2
1202,5.4,21:00,22:16,Boston,0,1260,1336,3,2
1203,5.4,21:29,22:49,Boston,0,1289,1369,4,0
1204,6.4,02:12,06:41,Panama City,0,132,401,0,0
1205,6.4,05:05,08:12,Miami,0,305,492,0,1
1206,6.4,05:35,08:36,Fort Lauderdale,0,335,516,1,4
1207,6.4,06:00,09:21,Los Angeles,0,360,561,4,5
1208,6.4,06:00,08:48,Phoenix,0,360,528,4,5
1209,6.4,06:00,08:33,Atlanta,0,360,513,4,5
1210,6.4,06:00,08:05,Charlotte,0,360,485,4,5
1211,6.4,06:30,09:30,Miami,0,390,570,5,6
1212,6.4,06:30,09:37,Fort Myers,0,390,577,5,6
1213,6.4,06:55,10:33,Salt Lake City,0,415,633,2,11
1214,6.4,07:00,10:04,Fort Lauderdale,0,420,604,6,13
1215,6.4,07:00,08:10,Boston,0,420,490,6,13
1216,6.4,07:00,10:17,Fort Myers,0,420,617,6,13
1217,6.4,07:00,12:51,Georgetown,0,420,771,6,13
1218,6.4,07:05,10:08,Tampa,0,425,608,5,9
1219,6.4,07:10,10:17,Fort Lauderdale,0,430,617,9,8
1220,6.4,07:10,09:43,Jacksonville,0,430,583,9,8
1221,6.4,07:10,10:33,Seattle,0,430,633,9,8
1222,6.4,07:10,10:18,Miami,0,430,618,9,8
1223,6.4,07:15,09:33,Minneapolis,0,435,573,10,6
1224,6.4,07:19,10:13,Orlando,0,439,613,11,5
1225,6.4,07:30,11:08,San Francisco,0,450,668,13,15
1226,6.4,07:30,10:50,Austin,0,450,650,13,15
1227,6.4,07:30,10:30,Orlando,0,450,630,13,15
1228,6.4,07:45,11:13,San Diego,0,465,673,6,15
1229,6.4,07:45,10:45,West Palm Beach,0,465,645,6,15
1230,6.4,07:50,10:30,Denver,0,470,630,5,14
1231,6.4,07:55,11:30,San Francisco,0,475,690,6,14
1232,6.4,07:59,11:56,San Francisco,0,479,716,7,13
1233,6.4,08:00,10:56,Tampa,0,480,656,15,15
1234,6.4,08:00,10:35,Jacksonville,0,480,635,15,15
1235,6.4,08:00,11:07,Fort Lauderdale,0,480,667,15,15
1236,6.4,08:00,11:28,Los Angeles,0,480,688,15,15
1237,6.4,08:00,11:13,San Diego,0,480,673,15,15
1238,6.4,08:00,11:23,Los Angeles,0,480,683,15,15
1239,6.4,08:00,11:09,Miami,0,480,669,15,15
1240,6.4,08:00,11:58,Saint Thomas,0,480,718,15,15
1241,6.4,08:04,11:07,Sarasota,0,484,667,13,7
1242,6.4,08:05,11:14,Miami,0,485,674,14,7
1243,6.4,08:15,11:35,Los Angeles,0,495,695,15,6
1244,6.4,08:20,10:59,Atlanta,0,500,659,14,5
1245,6.4,08:25,11:10,New Orleans,0,505,670,14,4
1246,6.4,08:30,11:30,Orlando,0,510,690,15,7
1247,6.4,08:30,12:12,San Francisco,0,510,732,15,7
1248,6.4,08:30,12:28,Saint Thomas,0,510,748,15,7
1249,6.4,08:35,11:40,Las Vegas,0,515,700,7,4
1250,6.4,09:00,12:14,Fort Lauderdale,0,540,734,7,10
1251,6.4,09:00,12:01,West Palm Beach,0,540,721,7,10
1252,6.4,09:00,12:05,Los Angeles,0,540,725,7,10
1253,6.4,09:00,10:30,Buffalo,0,540,630,7,10
1254,6.4,09:10,10:57,Raleigh/Durham,0,550,657,4,8
1255,6.4,09:15,10:58,Chicago,0,555,658,5,9
1256,6.4,09:20,12:02,Phoenix,0,560,722,6,8
1257,6.4,09:30,11:39,Charleston,0,570,699,10,8
1258,6.4,09:30,12:39,Miami,0,570,759,10,8
1259,6.4,09:30,10:42,Boston,0,570,642,10,8
1260,6.4,09:30,12:45,Seattle,0,570,765,10,8
1261,6.4,09:37,11:50,Detroit,0,577,710,7,4
1262,6.4,09:40,12:29,Las Vegas,0,580,749,8,3
1263,6.4,09:42,12:05,Charleston,0,582,725,8,2
1264,6.4,09:45,12:22,Atlanta,0,585,742,9,1
1265,6.4,10:00,13:00,Orlando,0,600,780,8,6
1266,6.4,10:17,14:46,Panama City,0,617,886,1,6
1267,6.4,10:25,13:54,Salt Lake City,0,625,834,2,5
1268,6.4,10:30,13:36,Miami,0,630,816,6,6
1269,6.4,10:30,14:06,San Francisco,0,630,846,6,6
1270,6.4,10:30,12:51,Savannah,0,630,771,6,6
1271,6.4,10:30,13:32,Tampa,0,630,812,6,6
1272,6.4,10:32,13:27,West Palm Beach,0,632,807,6,2
1273,6.4,11:00,14:03,Fort Lauderdale,0,660,843,6,5
1274,6.4,11:00,14:18,Los Angeles,0,660,858,6,5
1275,6.4,11:15,14:25,Fort Myers,0,675,865,2,4
1276,6.4,11:28,14:21,Orlando,0,688,861,3,4
1277,6.4,11:30,14:21,Orlando,0,690,861,5,7
1278,6.4,11:30,14:34,Sarasota,0,690,874,5,7
1279,6.4,11:41,13:49,Charlotte,0,701,829,4,6
1280,6.4,11:57,15:05,Miami,0,717,905,4,5
1281,6.4,11:59,14:25,Atlanta,0,719,865,4,4
1282,6.4,12:00,15:20,Los Angeles,0,720,920,7,4
1283,6.4,12:00,14:55,Tampa,0,720,895,7,4
1284,6.4,12:00,15:05,Fort Lauderdale,0,720,905,7,4
1285,6.4,12:10,13:23,Martha's Vineyard,0,730,803,6,1
1286,6.4,12:30,15:37,Miami,0,750,937,4,0
1287,6.4,13:05,15:13,Detroit,0,785,913,0,4
1288,6.4,13:15,16:35,Tokyo,0,795,995,1,4
1289,6.4,13:30,16:33,Miami,0,810,993,3,5
1290,6.4,13:30,16:10,Chicago,0,810,970,3,5
1291,6.4,13:35,16:27,Orlando,0,815,987,4,3
1292,6.4,13:45,16:45,West Palm Beach,0,825,1005,4,3
1293,6.4,14:00,17:19,Los Angeles,0,840,1039,5,4
1294,6.4,14:00,17:04,Tampa,0,840,1024,5,4
1295,6.4,14:13,16:44,Jacksonville,0,853,1004,3,2
1296,6.4,14:24,16:44,Savannah,0,864,1004,3,1
1297,6.4,14:30,17:40,Miami,0,870,1060,4,6
1298,6.4,14:55,16:30,Buffalo,0,895,990,4,7
1299,6.4,14:55,16:23,Rochester,0,895,983,4,7
1300,6.4,14:55,16:30,Washington,0,895,990,4,7
1301,6.4,14:55,16:42,Raleigh/Durham,0,895,1002,4,7
1302,6.4,14:59,18:11,Fort Lauderdale,0,899,1091,5,3
1303,6.4,15:00,16:15,Syracuse,0,900,975,6,2
1304,6.4,15:05,17:26,Minneapolis,0,905,1046,6,3
1305,6.4,15:25,18:43,Miami,0,925,1123,7,5
1306,6.4,15:35,18:47,Fort Lauderdale,0,935,1127,3,7
1307,6.4,15:35,18:34,Orlando,0,935,1114,3,7
1308,6.4,15:40,18:42,Orlando,0,940,1122,3,6
1309,6.4,15:45,18:21,Atlanta,0,945,1101,4,5
1310,6.4,15:55,19:10,Fort Myers,0,955,1150,5,4
1311,6.4,15:59,19:03,West Palm Beach,0,959,1143,6,3
1312,6.4,15:59,19:03,Tampa,0,959,1143,6,3
1313,6.4,16:00,18:37,Jacksonville,0,960,1117,7,2
1314,6.4,16:10,19:35,Los Angeles,0,970,1175,6,3
1315,6.4,16:30,19:41,Miami,0,990,1181,2,9
1316,6.4,16:38,20:00,Los Angeles,0,998,1200,2,8
1317,6.4,16:39,19:39,Orlando,0,999,1179,3,7
1318,6.4,16:41,20:16,Salt Lake City,0,1001,1216,3,7
1319,6.4,16:45,18:03,Boston,0,1005,1083,4,7
1320,6.4,16:55,20:10,Los Angeles,0,1015,1210,5,7
1321,6.4,16:59,20:57,San Francisco,0,1019,1257,6,6
1322,6.4,17:00,20:30,Los Angeles,0,1020,1230,9,9
1323,6.4,17:00,07:35,Rome,0,1020,455,9,9
1324,6.4,17:00,20:20,Miami,0,1020,1220,9,9
1325,6.4,17:10,19:01,Chicago,0,1030,1141,7,6
1326,6.4,17:15,20:40,Los Angeles,0,1035,1240,7,5
1327,6.4,17:20,20:41,Seattle,0,1040,1241,7,5
1328,6.4,17:30,19:45,Charlotte,0,1050,1185,9,7
1329,6.4,17:30,21:19,San Francisco,0,1050,1279,9,7
1330,6.4,17:30,19:44,Detroit,0,1050,1184,9,7
1331,6.4,17:30,20:55,Austin,0,1050,1255,9,7
1332,6.4,17:49,21:00,Fort Lauderdale,0,1069,1260,5,4
1333,6.4,17:54,20:45,Phoenix,0,1074,1245,5,3
1334,6.4,18:00,21:14,Fort Lauderdale,0,1080,1274,7,5
1335,6.4,18:00,21:32,Los Angeles,0,1080,1292,7,5
1336,6.4,18:15,21:15,Tokyo,0,1095,1275,4,4
1337,6.4,18:30,22:10,San Francisco,0,1110,1330,5,5
1338,6.4,18:30,21:48,Miami,0,1110,1308,5,5
1339,6.4,18:30,22:00,Seattle,0,1110,1320,5,5
1340,6.4,18:45,21:15,Atlanta,0,1125,1275,4,2
1341,6.4,19:00,22:34,Los Angeles,0,1140,1354,5,5
1342,6.4,19:00,22:23,Los Angeles,0,1140,1343,5,5
1343,6.4,19:20,22:39,Austin,0,1160,1359,2,7
1344,6.4,19:25,23:29,San Francisco,0,1165,1409,3,6
1345,6.4,19:29,22:51,Miami,0,1169,1371,4,11
1346,6.4,19:30,22:28,Orlando,0,1170,1348,5,10
1347,6.4,19:40,22:27,Phoenix,0,1180,1347,5,10
1348,6.4,19:40,21:20,Washington,0,1180,1280,5,10
1349,6.4,19:45,21:44,Raleigh/Durham,0,1185,1304,7,8
1350,6.4,19:45,10:35,Rome,0,1185,635,7,8
1351,6.4,19:59,23:08,Las Vegas,0,1199,1388,11,6
1352,6.4,19:59,23:22,Fort Lauderdale,0,1199,1402,11,6
1353,6.4,19:59,22:46,Jacksonville,0,1199,1366,11,6
1354,6.4,19:59,21:34,Rochester,0,1199,1294,11,6
1355,6.4,19:59,21:30,Burlington,0,1199,1290,11,6
1356,6.4,19:59,22:30,Charleston,0,1199,1350,11,6
1357,6.4,20:10,23:10,Orlando,0,1210,1390,10,0
1358,6.4,20:59,22:36,Buffalo,0,1259,1356,1,3
1359,6.4,20:59,22:18,Syracuse,0,1259,1338,1,3
1360,6.4,21:00,22:31,Buffalo,0,1260,1351,2,1
1361,6.4,21:29,22:49,Boston,0,1289,1369,3,0
1362,6.4,22:00,23:14,Boston,0,1320,1394,0,0
1363,6.4,23:59,03:43,Aguadilla,0,1439,223,0,0
